"value","spatialunit_id","indicator_id","time_value","timeinfo_id","dim1_value_id","dim2_value_id","dim3_value_id","dim4_value_id"
41290.76,"0",32001,2016,1,NA,NA,NA,NA
7.91,"1",32001,2016,1,NA,NA,NA,NA
10.59,"2",32001,2016,1,NA,NA,NA,NA
7.43,"3",32001,2016,1,NA,NA,NA,NA
13.6,"4",32001,2016,1,NA,NA,NA,NA
6.53,"5",32001,2016,1,NA,NA,NA,NA
7.92,"6",32001,2016,1,NA,NA,NA,NA
6.47,"7",32001,2016,1,NA,NA,NA,NA
4.69,"8",32001,2016,1,NA,NA,NA,NA
13.03,"9",32001,2016,1,NA,NA,NA,NA
7.54,"10",32001,2016,1,NA,NA,NA,NA
5.02,"11",32001,2016,1,NA,NA,NA,NA
6.51,"12",32001,2016,1,NA,NA,NA,NA
12.02,"13",32001,2016,1,NA,NA,NA,NA
3.77,"14",32001,2016,1,NA,NA,NA,NA
6.58,"21",32001,2016,1,NA,NA,NA,NA
5.66,"22",32001,2016,1,NA,NA,NA,NA
7.01,"23",32001,2016,1,NA,NA,NA,NA
10.21,"24",32001,2016,1,NA,NA,NA,NA
2.7,"25",32001,2016,1,NA,NA,NA,NA
5.56,"26",32001,2016,1,NA,NA,NA,NA
2.48,"27",32001,2016,1,NA,NA,NA,NA
10.17,"28",32001,2016,1,NA,NA,NA,NA
2.41,"29",32001,2016,1,NA,NA,NA,NA
6.74,"30",32001,2016,1,NA,NA,NA,NA
3.03,"31",32001,2016,1,NA,NA,NA,NA
3.68,"32",32001,2016,1,NA,NA,NA,NA
10.29,"33",32001,2016,1,NA,NA,NA,NA
6.28,"34",32001,2016,1,NA,NA,NA,NA
14.13,"35",32001,2016,1,NA,NA,NA,NA
13.09,"37",32001,2016,1,NA,NA,NA,NA
8.93,"38",32001,2016,1,NA,NA,NA,NA
6.44,"39",32001,2016,1,NA,NA,NA,NA
9.56,"40",32001,2016,1,NA,NA,NA,NA
4.41,"41",32001,2016,1,NA,NA,NA,NA
3.2,"43",32001,2016,1,NA,NA,NA,NA
4.31,"51",32001,2016,1,NA,NA,NA,NA
9.03,"52",32001,2016,1,NA,NA,NA,NA
16.09,"53",32001,2016,1,NA,NA,NA,NA
4.25,"54",32001,2016,1,NA,NA,NA,NA
9.06,"55",32001,2016,1,NA,NA,NA,NA
12.7,"56",32001,2016,1,NA,NA,NA,NA
8.4,"57",32001,2016,1,NA,NA,NA,NA
12.3,"58",32001,2016,1,NA,NA,NA,NA
6.17,"59",32001,2016,1,NA,NA,NA,NA
4.79,"60",32001,2016,1,NA,NA,NA,NA
4.91,"61",32001,2016,1,NA,NA,NA,NA
19.27,"62",32001,2016,1,NA,NA,NA,NA
5.18,"63",32001,2016,1,NA,NA,NA,NA
10.04,"64",32001,2016,1,NA,NA,NA,NA
10.26,"65",32001,2016,1,NA,NA,NA,NA
5.59,"66",32001,2016,1,NA,NA,NA,NA
10.68,"67",32001,2016,1,NA,NA,NA,NA
4.44,"68",32001,2016,1,NA,NA,NA,NA
6.42,"69",32001,2016,1,NA,NA,NA,NA
3.96,"70",32001,2016,1,NA,NA,NA,NA
8.95,"71",32001,2016,1,NA,NA,NA,NA
8.11,"72",32001,2016,1,NA,NA,NA,NA
9.13,"81",32001,2016,1,NA,NA,NA,NA
3.96,"82",32001,2016,1,NA,NA,NA,NA
5.84,"83",32001,2016,1,NA,NA,NA,NA
4.51,"84",32001,2016,1,NA,NA,NA,NA
2.87,"85",32001,2016,1,NA,NA,NA,NA
5.87,"86",32001,2016,1,NA,NA,NA,NA
1.59,"87",32001,2016,1,NA,NA,NA,NA
6.04,"88",32001,2016,1,NA,NA,NA,NA
3.6,"89",32001,2016,1,NA,NA,NA,NA
11.3,"90",32001,2016,1,NA,NA,NA,NA
6.85,"91",32001,2016,1,NA,NA,NA,NA
8.25,"92",32001,2016,1,NA,NA,NA,NA
4.94,"93",32001,2016,1,NA,NA,NA,NA
7.15,"94",32001,2016,1,NA,NA,NA,NA
2.37,"95",32001,2016,1,NA,NA,NA,NA
14.62,"96",32001,2016,1,NA,NA,NA,NA
12.41,"97",32001,2016,1,NA,NA,NA,NA
5.68,"98",32001,2016,1,NA,NA,NA,NA
4.01,"99",32001,2016,1,NA,NA,NA,NA
12.89,"100",32001,2016,1,NA,NA,NA,NA
9.39,"101",32001,2016,1,NA,NA,NA,NA
9.58,"102",32001,2016,1,NA,NA,NA,NA
22.19,"111",32001,2016,1,NA,NA,NA,NA
11.61,"112",32001,2016,1,NA,NA,NA,NA
10.22,"113",32001,2016,1,NA,NA,NA,NA
30.24,"114",32001,2016,1,NA,NA,NA,NA
18.26,"115",32001,2016,1,NA,NA,NA,NA
8.78,"116",32001,2016,1,NA,NA,NA,NA
22.28,"117",32001,2016,1,NA,NA,NA,NA
10.06,"118",32001,2016,1,NA,NA,NA,NA
3.77,"119",32001,2016,1,NA,NA,NA,NA
25.27,"120",32001,2016,1,NA,NA,NA,NA
16.81,"121",32001,2016,1,NA,NA,NA,NA
7.77,"131",32001,2016,1,NA,NA,NA,NA
2.58,"135",32001,2016,1,NA,NA,NA,NA
8.67,"136",32001,2016,1,NA,NA,NA,NA
2.79,"137",32001,2016,1,NA,NA,NA,NA
7.53,"138",32001,2016,1,NA,NA,NA,NA
2.93,"139",32001,2016,1,NA,NA,NA,NA
5.5,"141",32001,2016,1,NA,NA,NA,NA
2.89,"151",32001,2016,1,NA,NA,NA,NA
8.99,"152",32001,2016,1,NA,NA,NA,NA
12.18,"153",32001,2016,1,NA,NA,NA,NA
12.36,"154",32001,2016,1,NA,NA,NA,NA
4.77,"155",32001,2016,1,NA,NA,NA,NA
11.94,"156",32001,2016,1,NA,NA,NA,NA
6.11,"157",32001,2016,1,NA,NA,NA,NA
8.59,"158",32001,2016,1,NA,NA,NA,NA
3.46,"159",32001,2016,1,NA,NA,NA,NA
5.48,"160",32001,2016,1,NA,NA,NA,NA
7.85,"161",32001,2016,1,NA,NA,NA,NA
9.47,"172",32001,2016,1,NA,NA,NA,NA
12.95,"173",32001,2016,1,NA,NA,NA,NA
11.99,"176",32001,2016,1,NA,NA,NA,NA
19.51,"177",32001,2016,1,NA,NA,NA,NA
14.23,"178",32001,2016,1,NA,NA,NA,NA
12.81,"180",32001,2016,1,NA,NA,NA,NA
9.19,"181",32001,2016,1,NA,NA,NA,NA
10.56,"182",32001,2016,1,NA,NA,NA,NA
13.62,"191",32001,2016,1,NA,NA,NA,NA
14.53,"192",32001,2016,1,NA,NA,NA,NA
6.38,"193",32001,2016,1,NA,NA,NA,NA
2.27,"194",32001,2016,1,NA,NA,NA,NA
14.77,"195",32001,2016,1,NA,NA,NA,NA
7.59,"196",32001,2016,1,NA,NA,NA,NA
2.62,"197",32001,2016,1,NA,NA,NA,NA
28.49,"198",32001,2016,1,NA,NA,NA,NA
14.04,"199",32001,2016,1,NA,NA,NA,NA
7.92,"200",32001,2016,1,NA,NA,NA,NA
7.7,"211",32001,2016,1,NA,NA,NA,NA
6.6,"213",32001,2016,1,NA,NA,NA,NA
7.95,"214",32001,2016,1,NA,NA,NA,NA
2.88,"215",32001,2016,1,NA,NA,NA,NA
7.07,"216",32001,2016,1,NA,NA,NA,NA
5.02,"218",32001,2016,1,NA,NA,NA,NA
8.07,"219",32001,2016,1,NA,NA,NA,NA
8.13,"220",32001,2016,1,NA,NA,NA,NA
5.9,"221",32001,2016,1,NA,NA,NA,NA
15.07,"223",32001,2016,1,NA,NA,NA,NA
4.99,"224",32001,2016,1,NA,NA,NA,NA
6.02,"225",32001,2016,1,NA,NA,NA,NA
8.97,"226",32001,2016,1,NA,NA,NA,NA
7.56,"227",32001,2016,1,NA,NA,NA,NA
25.22,"228",32001,2016,1,NA,NA,NA,NA
68.07,"230",32001,2016,1,NA,NA,NA,NA
12.97,"231",32001,2016,1,NA,NA,NA,NA
5.24,"241",32001,2016,1,NA,NA,NA,NA
11.42,"242",32001,2016,1,NA,NA,NA,NA
9.34,"243",32001,2016,1,NA,NA,NA,NA
1.93,"244",32001,2016,1,NA,NA,NA,NA
2.15,"245",32001,2016,1,NA,NA,NA,NA
2.77,"246",32001,2016,1,NA,NA,NA,NA
6.59,"247",32001,2016,1,NA,NA,NA,NA
4.38,"248",32001,2016,1,NA,NA,NA,NA
3.34,"249",32001,2016,1,NA,NA,NA,NA
7.58,"250",32001,2016,1,NA,NA,NA,NA
5.38,"251",32001,2016,1,NA,NA,NA,NA
87.93,"261",32001,2016,1,NA,NA,NA,NA
23.96,"292",32001,2016,1,NA,NA,NA,NA
35.64,"293",32001,2016,1,NA,NA,NA,NA
24.39,"294",32001,2016,1,NA,NA,NA,NA
30.83,"295",32001,2016,1,NA,NA,NA,NA
32.91,"296",32001,2016,1,NA,NA,NA,NA
29.53,"297",32001,2016,1,NA,NA,NA,NA
19.17,"298",32001,2016,1,NA,NA,NA,NA
7.93,"301",32001,2016,1,NA,NA,NA,NA
7.86,"302",32001,2016,1,NA,NA,NA,NA
15.08,"303",32001,2016,1,NA,NA,NA,NA
17.98,"304",32001,2016,1,NA,NA,NA,NA
10.97,"305",32001,2016,1,NA,NA,NA,NA
14.83,"306",32001,2016,1,NA,NA,NA,NA
10.23,"307",32001,2016,1,NA,NA,NA,NA
14.71,"309",32001,2016,1,NA,NA,NA,NA
22.58,"310",32001,2016,1,NA,NA,NA,NA
19.84,"311",32001,2016,1,NA,NA,NA,NA
20.87,"312",32001,2016,1,NA,NA,NA,NA
9.9,"321",32001,2016,1,NA,NA,NA,NA
4.62,"322",32001,2016,1,NA,NA,NA,NA
4.78,"323",32001,2016,1,NA,NA,NA,NA
5.69,"324",32001,2016,1,NA,NA,NA,NA
2.86,"325",32001,2016,1,NA,NA,NA,NA
9.4,"326",32001,2016,1,NA,NA,NA,NA
21.14,"329",32001,2016,1,NA,NA,NA,NA
6.22,"331",32001,2016,1,NA,NA,NA,NA
23.17,"332",32001,2016,1,NA,NA,NA,NA
10.28,"333",32001,2016,1,NA,NA,NA,NA
3.92,"335",32001,2016,1,NA,NA,NA,NA
2.01,"336",32001,2016,1,NA,NA,NA,NA
7.84,"337",32001,2016,1,NA,NA,NA,NA
4.08,"338",32001,2016,1,NA,NA,NA,NA
6.46,"339",32001,2016,1,NA,NA,NA,NA
3.98,"340",32001,2016,1,NA,NA,NA,NA
3.79,"341",32001,2016,1,NA,NA,NA,NA
9.66,"342",32001,2016,1,NA,NA,NA,NA
9.17,"344",32001,2016,1,NA,NA,NA,NA
5.07,"345",32001,2016,1,NA,NA,NA,NA
51.62,"351",32001,2016,1,NA,NA,NA,NA
16.57,"352",32001,2016,1,NA,NA,NA,NA
1.9,"353",32001,2016,1,NA,NA,NA,NA
11.96,"354",32001,2016,1,NA,NA,NA,NA
51.01,"355",32001,2016,1,NA,NA,NA,NA
7.63,"356",32001,2016,1,NA,NA,NA,NA
12.39,"357",32001,2016,1,NA,NA,NA,NA
3.5,"358",32001,2016,1,NA,NA,NA,NA
24.82,"359",32001,2016,1,NA,NA,NA,NA
36.32,"360",32001,2016,1,NA,NA,NA,NA
5.39,"361",32001,2016,1,NA,NA,NA,NA
4.2,"362",32001,2016,1,NA,NA,NA,NA
5.96,"363",32001,2016,1,NA,NA,NA,NA
21.19,"371",32001,2016,1,NA,NA,NA,NA
3.7,"372",32001,2016,1,NA,NA,NA,NA
6.38,"381",32001,2016,1,NA,NA,NA,NA
3.61,"382",32001,2016,1,NA,NA,NA,NA
12.6,"383",32001,2016,1,NA,NA,NA,NA
6.33,"385",32001,2016,1,NA,NA,NA,NA
4.23,"386",32001,2016,1,NA,NA,NA,NA
7.41,"387",32001,2016,1,NA,NA,NA,NA
10.28,"388",32001,2016,1,NA,NA,NA,NA
0.65,"389",32001,2016,1,NA,NA,NA,NA
4.39,"390",32001,2016,1,NA,NA,NA,NA
6.74,"391",32001,2016,1,NA,NA,NA,NA
8.35,"392",32001,2016,1,NA,NA,NA,NA
6.5,"393",32001,2016,1,NA,NA,NA,NA
7.08,"394",32001,2016,1,NA,NA,NA,NA
2.04,"401",32001,2016,1,NA,NA,NA,NA
6.57,"402",32001,2016,1,NA,NA,NA,NA
2.73,"403",32001,2016,1,NA,NA,NA,NA
15.56,"404",32001,2016,1,NA,NA,NA,NA
15.46,"405",32001,2016,1,NA,NA,NA,NA
21.89,"406",32001,2016,1,NA,NA,NA,NA
23.36,"407",32001,2016,1,NA,NA,NA,NA
1.48,"408",32001,2016,1,NA,NA,NA,NA
9.7,"409",32001,2016,1,NA,NA,NA,NA
2.64,"410",32001,2016,1,NA,NA,NA,NA
3.33,"411",32001,2016,1,NA,NA,NA,NA
9.05,"412",32001,2016,1,NA,NA,NA,NA
6.93,"413",32001,2016,1,NA,NA,NA,NA
19.43,"414",32001,2016,1,NA,NA,NA,NA
6.05,"415",32001,2016,1,NA,NA,NA,NA
14.14,"418",32001,2016,1,NA,NA,NA,NA
2.72,"420",32001,2016,1,NA,NA,NA,NA
2.44,"421",32001,2016,1,NA,NA,NA,NA
1.29,"422",32001,2016,1,NA,NA,NA,NA
2.17,"423",32001,2016,1,NA,NA,NA,NA
28.32,"424",32001,2016,1,NA,NA,NA,NA
17.66,"431",32001,2016,1,NA,NA,NA,NA
13.48,"432",32001,2016,1,NA,NA,NA,NA
14.76,"433",32001,2016,1,NA,NA,NA,NA
22.21,"434",32001,2016,1,NA,NA,NA,NA
14.15,"435",32001,2016,1,NA,NA,NA,NA
4.64,"437",32001,2016,1,NA,NA,NA,NA
21.59,"438",32001,2016,1,NA,NA,NA,NA
12.63,"441",32001,2016,1,NA,NA,NA,NA
7.02,"442",32001,2016,1,NA,NA,NA,NA
20.87,"443",32001,2016,1,NA,NA,NA,NA
14.96,"444",32001,2016,1,NA,NA,NA,NA
23.78,"445",32001,2016,1,NA,NA,NA,NA
24.83,"446",32001,2016,1,NA,NA,NA,NA
16.24,"448",32001,2016,1,NA,NA,NA,NA
13.46,"449",32001,2016,1,NA,NA,NA,NA
23.78,"450",32001,2016,1,NA,NA,NA,NA
6.61,"491",32001,2016,1,NA,NA,NA,NA
3.49,"492",32001,2016,1,NA,NA,NA,NA
3.57,"493",32001,2016,1,NA,NA,NA,NA
7.84,"494",32001,2016,1,NA,NA,NA,NA
10.6,"495",32001,2016,1,NA,NA,NA,NA
23.87,"496",32001,2016,1,NA,NA,NA,NA
5.42,"497",32001,2016,1,NA,NA,NA,NA
4.87,"498",32001,2016,1,NA,NA,NA,NA
5.51,"499",32001,2016,1,NA,NA,NA,NA
4.74,"500",32001,2016,1,NA,NA,NA,NA
3.29,"501",32001,2016,1,NA,NA,NA,NA
4.56,"502",32001,2016,1,NA,NA,NA,NA
10.19,"533",32001,2016,1,NA,NA,NA,NA
2.16,"535",32001,2016,1,NA,NA,NA,NA
2.86,"536",32001,2016,1,NA,NA,NA,NA
31.91,"538",32001,2016,1,NA,NA,NA,NA
13.49,"540",32001,2016,1,NA,NA,NA,NA
5.06,"541",32001,2016,1,NA,NA,NA,NA
3.79,"543",32001,2016,1,NA,NA,NA,NA
6.38,"544",32001,2016,1,NA,NA,NA,NA
8.81,"546",32001,2016,1,NA,NA,NA,NA
7.19,"551",32001,2016,1,NA,NA,NA,NA
16.94,"552",32001,2016,1,NA,NA,NA,NA
1.44,"553",32001,2016,1,NA,NA,NA,NA
3.82,"554",32001,2016,1,NA,NA,NA,NA
1.91,"556",32001,2016,1,NA,NA,NA,NA
3.47,"557",32001,2016,1,NA,NA,NA,NA
87.61,"561",32001,2016,1,NA,NA,NA,NA
30.99,"562",32001,2016,1,NA,NA,NA,NA
72.28,"563",32001,2016,1,NA,NA,NA,NA
32.09,"564",32001,2016,1,NA,NA,NA,NA
134.33,"565",32001,2016,1,NA,NA,NA,NA
6,"566",32001,2016,1,NA,NA,NA,NA
125.77,"567",32001,2016,1,NA,NA,NA,NA
29.17,"571",32001,2016,1,NA,NA,NA,NA
15.1,"572",32001,2016,1,NA,NA,NA,NA
48,"573",32001,2016,1,NA,NA,NA,NA
17.64,"574",32001,2016,1,NA,NA,NA,NA
6.93,"575",32001,2016,1,NA,NA,NA,NA
171.28,"576",32001,2016,1,NA,NA,NA,NA
7.02,"577",32001,2016,1,NA,NA,NA,NA
16.84,"578",32001,2016,1,NA,NA,NA,NA
51.03,"579",32001,2016,1,NA,NA,NA,NA
8.77,"580",32001,2016,1,NA,NA,NA,NA
4.27,"581",32001,2016,1,NA,NA,NA,NA
21.91,"582",32001,2016,1,NA,NA,NA,NA
164.47,"584",32001,2016,1,NA,NA,NA,NA
10.38,"585",32001,2016,1,NA,NA,NA,NA
12.28,"586",32001,2016,1,NA,NA,NA,NA
5.91,"587",32001,2016,1,NA,NA,NA,NA
4.28,"588",32001,2016,1,NA,NA,NA,NA
20.2,"589",32001,2016,1,NA,NA,NA,NA
8.73,"590",32001,2016,1,NA,NA,NA,NA
19.42,"591",32001,2016,1,NA,NA,NA,NA
7.06,"592",32001,2016,1,NA,NA,NA,NA
13.99,"593",32001,2016,1,NA,NA,NA,NA
13.19,"594",32001,2016,1,NA,NA,NA,NA
10.43,"602",32001,2016,1,NA,NA,NA,NA
3.59,"603",32001,2016,1,NA,NA,NA,NA
14.69,"605",32001,2016,1,NA,NA,NA,NA
2.19,"606",32001,2016,1,NA,NA,NA,NA
2.96,"607",32001,2016,1,NA,NA,NA,NA
6.93,"608",32001,2016,1,NA,NA,NA,NA
3.07,"609",32001,2016,1,NA,NA,NA,NA
2.76,"610",32001,2016,1,NA,NA,NA,NA
4.69,"611",32001,2016,1,NA,NA,NA,NA
12.77,"612",32001,2016,1,NA,NA,NA,NA
10.26,"613",32001,2016,1,NA,NA,NA,NA
13.23,"614",32001,2016,1,NA,NA,NA,NA
2.34,"615",32001,2016,1,NA,NA,NA,NA
15.77,"616",32001,2016,1,NA,NA,NA,NA
5.42,"617",32001,2016,1,NA,NA,NA,NA
16.47,"619",32001,2016,1,NA,NA,NA,NA
10.54,"620",32001,2016,1,NA,NA,NA,NA
3.4,"622",32001,2016,1,NA,NA,NA,NA
6.92,"623",32001,2016,1,NA,NA,NA,NA
17.21,"626",32001,2016,1,NA,NA,NA,NA
21.08,"627",32001,2016,1,NA,NA,NA,NA
5.41,"628",32001,2016,1,NA,NA,NA,NA
6.01,"629",32001,2016,1,NA,NA,NA,NA
3.81,"630",32001,2016,1,NA,NA,NA,NA
11.6,"632",32001,2016,1,NA,NA,NA,NA
1,"661",32001,2016,1,NA,NA,NA,NA
9.17,"662",32001,2016,1,NA,NA,NA,NA
9.29,"663",32001,2016,1,NA,NA,NA,NA
1.86,"665",32001,2016,1,NA,NA,NA,NA
4.74,"666",32001,2016,1,NA,NA,NA,NA
4.13,"667",32001,2016,1,NA,NA,NA,NA
26.26,"668",32001,2016,1,NA,NA,NA,NA
2.48,"669",32001,2016,1,NA,NA,NA,NA
21.83,"670",32001,2016,1,NA,NA,NA,NA
4.15,"671",32001,2016,1,NA,NA,NA,NA
3.82,"681",32001,2016,1,NA,NA,NA,NA
7.17,"683",32001,2016,1,NA,NA,NA,NA
6.79,"687",32001,2016,1,NA,NA,NA,NA
24.61,"690",32001,2016,1,NA,NA,NA,NA
9.48,"691",32001,2016,1,NA,NA,NA,NA
6.58,"692",32001,2016,1,NA,NA,NA,NA
8.25,"694",32001,2016,1,NA,NA,NA,NA
4.69,"696",32001,2016,1,NA,NA,NA,NA
19.61,"700",32001,2016,1,NA,NA,NA,NA
8.57,"701",32001,2016,1,NA,NA,NA,NA
8.25,"703",32001,2016,1,NA,NA,NA,NA
9.06,"704",32001,2016,1,NA,NA,NA,NA
13.77,"706",32001,2016,1,NA,NA,NA,NA
4.28,"707",32001,2016,1,NA,NA,NA,NA
5.56,"708",32001,2016,1,NA,NA,NA,NA
8.42,"709",32001,2016,1,NA,NA,NA,NA
6.9,"711",32001,2016,1,NA,NA,NA,NA
14.78,"713",32001,2016,1,NA,NA,NA,NA
3.55,"715",32001,2016,1,NA,NA,NA,NA
23.9,"716",32001,2016,1,NA,NA,NA,NA
18.68,"717",32001,2016,1,NA,NA,NA,NA
6.78,"723",32001,2016,1,NA,NA,NA,NA
26.61,"724",32001,2016,1,NA,NA,NA,NA
25.55,"726",32001,2016,1,NA,NA,NA,NA
2.16,"731",32001,2016,1,NA,NA,NA,NA
3.79,"732",32001,2016,1,NA,NA,NA,NA
5,"733",32001,2016,1,NA,NA,NA,NA
2.97,"734",32001,2016,1,NA,NA,NA,NA
3.41,"735",32001,2016,1,NA,NA,NA,NA
1.84,"736",32001,2016,1,NA,NA,NA,NA
3.42,"737",32001,2016,1,NA,NA,NA,NA
4.58,"738",32001,2016,1,NA,NA,NA,NA
1.9,"739",32001,2016,1,NA,NA,NA,NA
1.79,"740",32001,2016,1,NA,NA,NA,NA
2.3,"741",32001,2016,1,NA,NA,NA,NA
2.16,"742",32001,2016,1,NA,NA,NA,NA
1.52,"743",32001,2016,1,NA,NA,NA,NA
3.97,"744",32001,2016,1,NA,NA,NA,NA
2.46,"745",32001,2016,1,NA,NA,NA,NA
5.62,"746",32001,2016,1,NA,NA,NA,NA
2.11,"747",32001,2016,1,NA,NA,NA,NA
4.15,"748",32001,2016,1,NA,NA,NA,NA
2.73,"749",32001,2016,1,NA,NA,NA,NA
3.57,"750",32001,2016,1,NA,NA,NA,NA
4.37,"751",32001,2016,1,NA,NA,NA,NA
6.96,"754",32001,2016,1,NA,NA,NA,NA
2.76,"755",32001,2016,1,NA,NA,NA,NA
12.33,"756",32001,2016,1,NA,NA,NA,NA
32.84,"761",32001,2016,1,NA,NA,NA,NA
129.94,"762",32001,2016,1,NA,NA,NA,NA
36.69,"763",32001,2016,1,NA,NA,NA,NA
46.06,"766",32001,2016,1,NA,NA,NA,NA
11.29,"767",32001,2016,1,NA,NA,NA,NA
16.69,"768",32001,2016,1,NA,NA,NA,NA
22.35,"769",32001,2016,1,NA,NA,NA,NA
14.22,"770",32001,2016,1,NA,NA,NA,NA
200.85,"782",32001,2016,1,NA,NA,NA,NA
41.74,"783",32001,2016,1,NA,NA,NA,NA
236.61,"784",32001,2016,1,NA,NA,NA,NA
40.63,"785",32001,2016,1,NA,NA,NA,NA
31.54,"786",32001,2016,1,NA,NA,NA,NA
77.07,"791",32001,2016,1,NA,NA,NA,NA
123.09,"792",32001,2016,1,NA,NA,NA,NA
60.89,"793",32001,2016,1,NA,NA,NA,NA
73,"794",32001,2016,1,NA,NA,NA,NA
62.43,"841",32001,2016,1,NA,NA,NA,NA
58.47,"842",32001,2016,1,NA,NA,NA,NA
120.06,"843",32001,2016,1,NA,NA,NA,NA
54.91,"852",32001,2016,1,NA,NA,NA,NA
57.3,"853",32001,2016,1,NA,NA,NA,NA
44.8,"855",32001,2016,1,NA,NA,NA,NA
23.26,"861",32001,2016,1,NA,NA,NA,NA
7.52,"863",32001,2016,1,NA,NA,NA,NA
7.81,"866",32001,2016,1,NA,NA,NA,NA
4.52,"867",32001,2016,1,NA,NA,NA,NA
1.31,"868",32001,2016,1,NA,NA,NA,NA
2.06,"869",32001,2016,1,NA,NA,NA,NA
4.44,"870",32001,2016,1,NA,NA,NA,NA
14.62,"872",32001,2016,1,NA,NA,NA,NA
7.26,"877",32001,2016,1,NA,NA,NA,NA
34.5,"879",32001,2016,1,NA,NA,NA,NA
35.81,"880",32001,2016,1,NA,NA,NA,NA
3.89,"883",32001,2016,1,NA,NA,NA,NA
4.88,"884",32001,2016,1,NA,NA,NA,NA
3.81,"885",32001,2016,1,NA,NA,NA,NA
14.54,"886",32001,2016,1,NA,NA,NA,NA
13.3,"888",32001,2016,1,NA,NA,NA,NA
5.95,"889",32001,2016,1,NA,NA,NA,NA
60.3,"901",32001,2016,1,NA,NA,NA,NA
48.36,"902",32001,2016,1,NA,NA,NA,NA
21.19,"903",32001,2016,1,NA,NA,NA,NA
36.8,"904",32001,2016,1,NA,NA,NA,NA
17.21,"905",32001,2016,1,NA,NA,NA,NA
36.48,"906",32001,2016,1,NA,NA,NA,NA
22.13,"907",32001,2016,1,NA,NA,NA,NA
61.99,"908",32001,2016,1,NA,NA,NA,NA
15.65,"909",32001,2016,1,NA,NA,NA,NA
4.71,"921",32001,2016,1,NA,NA,NA,NA
15.52,"922",32001,2016,1,NA,NA,NA,NA
15.33,"923",32001,2016,1,NA,NA,NA,NA
21.78,"924",32001,2016,1,NA,NA,NA,NA
6.68,"925",32001,2016,1,NA,NA,NA,NA
5.55,"927",32001,2016,1,NA,NA,NA,NA
5.44,"928",32001,2016,1,NA,NA,NA,NA
2.81,"929",32001,2016,1,NA,NA,NA,NA
6.51,"931",32001,2016,1,NA,NA,NA,NA
20.4,"932",32001,2016,1,NA,NA,NA,NA
2.71,"934",32001,2016,1,NA,NA,NA,NA
9.16,"935",32001,2016,1,NA,NA,NA,NA
9.87,"936",32001,2016,1,NA,NA,NA,NA
55.41,"938",32001,2016,1,NA,NA,NA,NA
14.81,"939",32001,2016,1,NA,NA,NA,NA
4.53,"940",32001,2016,1,NA,NA,NA,NA
7.53,"941",32001,2016,1,NA,NA,NA,NA
21.57,"942",32001,2016,1,NA,NA,NA,NA
4.42,"943",32001,2016,1,NA,NA,NA,NA
10.17,"944",32001,2016,1,NA,NA,NA,NA
6.8,"945",32001,2016,1,NA,NA,NA,NA
3.51,"946",32001,2016,1,NA,NA,NA,NA
2.46,"947",32001,2016,1,NA,NA,NA,NA
4.5,"948",32001,2016,1,NA,NA,NA,NA
11.51,"951",32001,2016,1,NA,NA,NA,NA
14.13,"952",32001,2016,1,NA,NA,NA,NA
11.34,"953",32001,2016,1,NA,NA,NA,NA
17.24,"954",32001,2016,1,NA,NA,NA,NA
26.87,"955",32001,2016,1,NA,NA,NA,NA
15.06,"956",32001,2016,1,NA,NA,NA,NA
59.34,"957",32001,2016,1,NA,NA,NA,NA
15.96,"958",32001,2016,1,NA,NA,NA,NA
7.87,"959",32001,2016,1,NA,NA,NA,NA
11.69,"960",32001,2016,1,NA,NA,NA,NA
7.65,"971",32001,2016,1,NA,NA,NA,NA
1.39,"972",32001,2016,1,NA,NA,NA,NA
3.94,"973",32001,2016,1,NA,NA,NA,NA
3.68,"975",32001,2016,1,NA,NA,NA,NA
3.16,"976",32001,2016,1,NA,NA,NA,NA
5.84,"977",32001,2016,1,NA,NA,NA,NA
9.82,"979",32001,2016,1,NA,NA,NA,NA
3.38,"980",32001,2016,1,NA,NA,NA,NA
19.77,"981",32001,2016,1,NA,NA,NA,NA
2.79,"982",32001,2016,1,NA,NA,NA,NA
8.45,"983",32001,2016,1,NA,NA,NA,NA
12.12,"985",32001,2016,1,NA,NA,NA,NA
5.14,"987",32001,2016,1,NA,NA,NA,NA
16.8,"988",32001,2016,1,NA,NA,NA,NA
4.55,"989",32001,2016,1,NA,NA,NA,NA
1.47,"990",32001,2016,1,NA,NA,NA,NA
3.07,"991",32001,2016,1,NA,NA,NA,NA
5.22,"992",32001,2016,1,NA,NA,NA,NA
2.91,"993",32001,2016,1,NA,NA,NA,NA
7.5,"995",32001,2016,1,NA,NA,NA,NA
6.95,"1001",32001,2016,1,NA,NA,NA,NA
56.9,"1002",32001,2016,1,NA,NA,NA,NA
108.17,"1004",32001,2016,1,NA,NA,NA,NA
40.31,"1005",32001,2016,1,NA,NA,NA,NA
37.39,"1007",32001,2016,1,NA,NA,NA,NA
38.38,"1008",32001,2016,1,NA,NA,NA,NA
15.8,"1009",32001,2016,1,NA,NA,NA,NA
106.4,"1010",32001,2016,1,NA,NA,NA,NA
4.61,"1021",32001,2016,1,NA,NA,NA,NA
8.77,"1023",32001,2016,1,NA,NA,NA,NA
20.37,"1024",32001,2016,1,NA,NA,NA,NA
5.69,"1025",32001,2016,1,NA,NA,NA,NA
13.21,"1026",32001,2016,1,NA,NA,NA,NA
27.59,"1030",32001,2016,1,NA,NA,NA,NA
9.64,"1031",32001,2016,1,NA,NA,NA,NA
23.22,"1032",32001,2016,1,NA,NA,NA,NA
10.32,"1033",32001,2016,1,NA,NA,NA,NA
9.42,"1037",32001,2016,1,NA,NA,NA,NA
16.6,"1039",32001,2016,1,NA,NA,NA,NA
15.49,"1040",32001,2016,1,NA,NA,NA,NA
12.43,"1041",32001,2016,1,NA,NA,NA,NA
6.99,"1051",32001,2016,1,NA,NA,NA,NA
4.8,"1052",32001,2016,1,NA,NA,NA,NA
2.78,"1053",32001,2016,1,NA,NA,NA,NA
9.68,"1054",32001,2016,1,NA,NA,NA,NA
1.08,"1055",32001,2016,1,NA,NA,NA,NA
3.32,"1056",32001,2016,1,NA,NA,NA,NA
1.25,"1057",32001,2016,1,NA,NA,NA,NA
12.86,"1058",32001,2016,1,NA,NA,NA,NA
27.3,"1059",32001,2016,1,NA,NA,NA,NA
29.1,"1061",32001,2016,1,NA,NA,NA,NA
28.57,"1062",32001,2016,1,NA,NA,NA,NA
7.27,"1063",32001,2016,1,NA,NA,NA,NA
6.8,"1064",32001,2016,1,NA,NA,NA,NA
8.65,"1065",32001,2016,1,NA,NA,NA,NA
39.3,"1066",32001,2016,1,NA,NA,NA,NA
6.22,"1067",32001,2016,1,NA,NA,NA,NA
8.92,"1068",32001,2016,1,NA,NA,NA,NA
11.79,"1069",32001,2016,1,NA,NA,NA,NA
42.13,"1081",32001,2016,1,NA,NA,NA,NA
5.37,"1082",32001,2016,1,NA,NA,NA,NA
16.71,"1083",32001,2016,1,NA,NA,NA,NA
5.94,"1084",32001,2016,1,NA,NA,NA,NA
6.47,"1085",32001,2016,1,NA,NA,NA,NA
19.7,"1086",32001,2016,1,NA,NA,NA,NA
7.04,"1088",32001,2016,1,NA,NA,NA,NA
9.74,"1089",32001,2016,1,NA,NA,NA,NA
7.22,"1091",32001,2016,1,NA,NA,NA,NA
25.48,"1093",32001,2016,1,NA,NA,NA,NA
10.33,"1094",32001,2016,1,NA,NA,NA,NA
9.1,"1095",32001,2016,1,NA,NA,NA,NA
11.85,"1097",32001,2016,1,NA,NA,NA,NA
45.25,"1098",32001,2016,1,NA,NA,NA,NA
6.74,"1099",32001,2016,1,NA,NA,NA,NA
7.17,"1100",32001,2016,1,NA,NA,NA,NA
8.91,"1102",32001,2016,1,NA,NA,NA,NA
5.83,"1103",32001,2016,1,NA,NA,NA,NA
22.09,"1104",32001,2016,1,NA,NA,NA,NA
14.29,"1107",32001,2016,1,NA,NA,NA,NA
3.54,"1121",32001,2016,1,NA,NA,NA,NA
6.75,"1122",32001,2016,1,NA,NA,NA,NA
14.32,"1123",32001,2016,1,NA,NA,NA,NA
23.87,"1125",32001,2016,1,NA,NA,NA,NA
4.18,"1127",32001,2016,1,NA,NA,NA,NA
12.58,"1128",32001,2016,1,NA,NA,NA,NA
8.05,"1129",32001,2016,1,NA,NA,NA,NA
10.2,"1131",32001,2016,1,NA,NA,NA,NA
31.34,"1132",32001,2016,1,NA,NA,NA,NA
37.76,"1135",32001,2016,1,NA,NA,NA,NA
30.34,"1136",32001,2016,1,NA,NA,NA,NA
3.73,"1137",32001,2016,1,NA,NA,NA,NA
17.68,"1139",32001,2016,1,NA,NA,NA,NA
27.03,"1140",32001,2016,1,NA,NA,NA,NA
6.21,"1142",32001,2016,1,NA,NA,NA,NA
15.27,"1143",32001,2016,1,NA,NA,NA,NA
12.21,"1145",32001,2016,1,NA,NA,NA,NA
2.96,"1146",32001,2016,1,NA,NA,NA,NA
8.28,"1147",32001,2016,1,NA,NA,NA,NA
13.91,"1150",32001,2016,1,NA,NA,NA,NA
47.22,"1151",32001,2016,1,NA,NA,NA,NA
10.21,"1201",32001,2016,1,NA,NA,NA,NA
62.26,"1202",32001,2016,1,NA,NA,NA,NA
46.89,"1203",32001,2016,1,NA,NA,NA,NA
53.06,"1205",32001,2016,1,NA,NA,NA,NA
59.09,"1206",32001,2016,1,NA,NA,NA,NA
12.38,"1207",32001,2016,1,NA,NA,NA,NA
104.15,"1208",32001,2016,1,NA,NA,NA,NA
83.31,"1209",32001,2016,1,NA,NA,NA,NA
35.16,"1210",32001,2016,1,NA,NA,NA,NA
60.97,"1211",32001,2016,1,NA,NA,NA,NA
77.88,"1212",32001,2016,1,NA,NA,NA,NA
16.33,"1213",32001,2016,1,NA,NA,NA,NA
19.28,"1214",32001,2016,1,NA,NA,NA,NA
13.29,"1215",32001,2016,1,NA,NA,NA,NA
144.78,"1216",32001,2016,1,NA,NA,NA,NA
16.46,"1217",32001,2016,1,NA,NA,NA,NA
64.68,"1218",32001,2016,1,NA,NA,NA,NA
80.28,"1219",32001,2016,1,NA,NA,NA,NA
96.88,"1220",32001,2016,1,NA,NA,NA,NA
98.93,"1301",32001,2016,1,NA,NA,NA,NA
14.35,"1311",32001,2016,1,NA,NA,NA,NA
17.5,"1321",32001,2016,1,NA,NA,NA,NA
13.8,"1322",32001,2016,1,NA,NA,NA,NA
6.3,"1323",32001,2016,1,NA,NA,NA,NA
29.37,"1331",32001,2016,1,NA,NA,NA,NA
20.41,"1341",32001,2016,1,NA,NA,NA,NA
13.27,"1342",32001,2016,1,NA,NA,NA,NA
50.14,"1343",32001,2016,1,NA,NA,NA,NA
2.43,"1344",32001,2016,1,NA,NA,NA,NA
11.55,"1345",32001,2016,1,NA,NA,NA,NA
29.01,"1346",32001,2016,1,NA,NA,NA,NA
13.5,"1347",32001,2016,1,NA,NA,NA,NA
27.97,"1348",32001,2016,1,NA,NA,NA,NA
8.46,"1349",32001,2016,1,NA,NA,NA,NA
22.88,"1361",32001,2016,1,NA,NA,NA,NA
42.02,"1362",32001,2016,1,NA,NA,NA,NA
10.96,"1363",32001,2016,1,NA,NA,NA,NA
13.4,"1364",32001,2016,1,NA,NA,NA,NA
9.19,"1365",32001,2016,1,NA,NA,NA,NA
20.84,"1366",32001,2016,1,NA,NA,NA,NA
172.14,"1367",32001,2016,1,NA,NA,NA,NA
33.17,"1368",32001,2016,1,NA,NA,NA,NA
11.2,"1369",32001,2016,1,NA,NA,NA,NA
22.75,"1370",32001,2016,1,NA,NA,NA,NA
17.39,"1371",32001,2016,1,NA,NA,NA,NA
53.18,"1372",32001,2016,1,NA,NA,NA,NA
11.85,"1373",32001,2016,1,NA,NA,NA,NA
6.92,"1374",32001,2016,1,NA,NA,NA,NA
46.43,"1375",32001,2016,1,NA,NA,NA,NA
53.78,"1401",32001,2016,1,NA,NA,NA,NA
74.87,"1402",32001,2016,1,NA,NA,NA,NA
85.91,"1403",32001,2016,1,NA,NA,NA,NA
92.58,"1404",32001,2016,1,NA,NA,NA,NA
46.47,"1405",32001,2016,1,NA,NA,NA,NA
53.89,"1406",32001,2016,1,NA,NA,NA,NA
73.12,"1407",32001,2016,1,NA,NA,NA,NA
24.25,"1501",32001,2016,1,NA,NA,NA,NA
9.96,"1502",32001,2016,1,NA,NA,NA,NA
15.47,"1503",32001,2016,1,NA,NA,NA,NA
24.92,"1504",32001,2016,1,NA,NA,NA,NA
9.32,"1505",32001,2016,1,NA,NA,NA,NA
14.07,"1506",32001,2016,1,NA,NA,NA,NA
14.3,"1507",32001,2016,1,NA,NA,NA,NA
16.2,"1508",32001,2016,1,NA,NA,NA,NA
11.08,"1509",32001,2016,1,NA,NA,NA,NA
9.07,"1510",32001,2016,1,NA,NA,NA,NA
92.7,"1511",32001,2016,1,NA,NA,NA,NA
146.99,"1630",32001,2016,1,NA,NA,NA,NA
430.03,"1631",32001,2016,1,NA,NA,NA,NA
103.68,"1632",32001,2016,1,NA,NA,NA,NA
24.85,"1701",32001,2016,1,NA,NA,NA,NA
17.73,"1702",32001,2016,1,NA,NA,NA,NA
18.41,"1703",32001,2016,1,NA,NA,NA,NA
27.51,"1704",32001,2016,1,NA,NA,NA,NA
7.93,"1705",32001,2016,1,NA,NA,NA,NA
30.04,"1706",32001,2016,1,NA,NA,NA,NA
14.86,"1707",32001,2016,1,NA,NA,NA,NA
5.04,"1708",32001,2016,1,NA,NA,NA,NA
25.62,"1709",32001,2016,1,NA,NA,NA,NA
13.54,"1710",32001,2016,1,NA,NA,NA,NA
21.63,"1711",32001,2016,1,NA,NA,NA,NA
1.3,"2008",32001,2016,1,NA,NA,NA,NA
9.88,"2011",32001,2016,1,NA,NA,NA,NA
4.1,"2016",32001,2016,1,NA,NA,NA,NA
2.58,"2022",32001,2016,1,NA,NA,NA,NA
5.5,"2025",32001,2016,1,NA,NA,NA,NA
4.38,"2027",32001,2016,1,NA,NA,NA,NA
17.54,"2029",32001,2016,1,NA,NA,NA,NA
3.98,"2035",32001,2016,1,NA,NA,NA,NA
1.82,"2038",32001,2016,1,NA,NA,NA,NA
7.89,"2041",32001,2016,1,NA,NA,NA,NA
2.5,"2043",32001,2016,1,NA,NA,NA,NA
14.8,"2044",32001,2016,1,NA,NA,NA,NA
3.51,"2045",32001,2016,1,NA,NA,NA,NA
10.28,"2050",32001,2016,1,NA,NA,NA,NA
6.91,"2051",32001,2016,1,NA,NA,NA,NA
25.79,"2053",32001,2016,1,NA,NA,NA,NA
40.12,"2054",32001,2016,1,NA,NA,NA,NA
9.73,"2055",32001,2016,1,NA,NA,NA,NA
1.93,"2061",32001,2016,1,NA,NA,NA,NA
4.89,"2063",32001,2016,1,NA,NA,NA,NA
2.02,"2066",32001,2016,1,NA,NA,NA,NA
7.49,"2067",32001,2016,1,NA,NA,NA,NA
6.31,"2068",32001,2016,1,NA,NA,NA,NA
4.88,"2072",32001,2016,1,NA,NA,NA,NA
3.31,"2079",32001,2016,1,NA,NA,NA,NA
4.29,"2086",32001,2016,1,NA,NA,NA,NA
8.93,"2087",32001,2016,1,NA,NA,NA,NA
2.2,"2089",32001,2016,1,NA,NA,NA,NA
10.89,"2096",32001,2016,1,NA,NA,NA,NA
11.2,"2097",32001,2016,1,NA,NA,NA,NA
20.28,"2099",32001,2016,1,NA,NA,NA,NA
14.93,"2102",32001,2016,1,NA,NA,NA,NA
24.01,"2113",32001,2016,1,NA,NA,NA,NA
15.48,"2114",32001,2016,1,NA,NA,NA,NA
10.17,"2115",32001,2016,1,NA,NA,NA,NA
15.44,"2117",32001,2016,1,NA,NA,NA,NA
60.27,"2121",32001,2016,1,NA,NA,NA,NA
10.16,"2122",32001,2016,1,NA,NA,NA,NA
4.27,"2123",32001,2016,1,NA,NA,NA,NA
10.03,"2124",32001,2016,1,NA,NA,NA,NA
23.86,"2125",32001,2016,1,NA,NA,NA,NA
2.03,"2128",32001,2016,1,NA,NA,NA,NA
9.63,"2129",32001,2016,1,NA,NA,NA,NA
1.79,"2130",32001,2016,1,NA,NA,NA,NA
4.65,"2131",32001,2016,1,NA,NA,NA,NA
24.32,"2134",32001,2016,1,NA,NA,NA,NA
28.44,"2135",32001,2016,1,NA,NA,NA,NA
10.55,"2137",32001,2016,1,NA,NA,NA,NA
55.21,"2138",32001,2016,1,NA,NA,NA,NA
7.85,"2140",32001,2016,1,NA,NA,NA,NA
2.63,"2143",32001,2016,1,NA,NA,NA,NA
4.49,"2145",32001,2016,1,NA,NA,NA,NA
4.36,"2147",32001,2016,1,NA,NA,NA,NA
7.76,"2148",32001,2016,1,NA,NA,NA,NA
24.06,"2149",32001,2016,1,NA,NA,NA,NA
18.82,"2152",32001,2016,1,NA,NA,NA,NA
8.71,"2153",32001,2016,1,NA,NA,NA,NA
10.1,"2155",32001,2016,1,NA,NA,NA,NA
10.45,"2160",32001,2016,1,NA,NA,NA,NA
33.34,"2162",32001,2016,1,NA,NA,NA,NA
112.07,"2163",32001,2016,1,NA,NA,NA,NA
6.22,"2173",32001,2016,1,NA,NA,NA,NA
5.83,"2174",32001,2016,1,NA,NA,NA,NA
8.88,"2175",32001,2016,1,NA,NA,NA,NA
3.94,"2177",32001,2016,1,NA,NA,NA,NA
7.23,"2183",32001,2016,1,NA,NA,NA,NA
4.97,"2186",32001,2016,1,NA,NA,NA,NA
1.02,"2194",32001,2016,1,NA,NA,NA,NA
9.28,"2196",32001,2016,1,NA,NA,NA,NA
3.46,"2197",32001,2016,1,NA,NA,NA,NA
3.99,"2198",32001,2016,1,NA,NA,NA,NA
5.34,"2200",32001,2016,1,NA,NA,NA,NA
7.72,"2206",32001,2016,1,NA,NA,NA,NA
2.91,"2208",32001,2016,1,NA,NA,NA,NA
5.53,"2211",32001,2016,1,NA,NA,NA,NA
5.06,"2216",32001,2016,1,NA,NA,NA,NA
5.91,"2217",32001,2016,1,NA,NA,NA,NA
18.56,"2220",32001,2016,1,NA,NA,NA,NA
11.4,"2226",32001,2016,1,NA,NA,NA,NA
5.48,"2228",32001,2016,1,NA,NA,NA,NA
1.39,"2230",32001,2016,1,NA,NA,NA,NA
11.97,"2233",32001,2016,1,NA,NA,NA,NA
10.31,"2234",32001,2016,1,NA,NA,NA,NA
6.96,"2235",32001,2016,1,NA,NA,NA,NA
36.06,"2236",32001,2016,1,NA,NA,NA,NA
16.04,"2237",32001,2016,1,NA,NA,NA,NA
12.28,"2238",32001,2016,1,NA,NA,NA,NA
3.38,"2250",32001,2016,1,NA,NA,NA,NA
21.88,"2254",32001,2016,1,NA,NA,NA,NA
4.17,"2257",32001,2016,1,NA,NA,NA,NA
3.11,"2258",32001,2016,1,NA,NA,NA,NA
9.04,"2259",32001,2016,1,NA,NA,NA,NA
1.67,"2260",32001,2016,1,NA,NA,NA,NA
0.96,"2261",32001,2016,1,NA,NA,NA,NA
17.34,"2262",32001,2016,1,NA,NA,NA,NA
12.28,"2265",32001,2016,1,NA,NA,NA,NA
3.02,"2266",32001,2016,1,NA,NA,NA,NA
0.34,"2271",32001,2016,1,NA,NA,NA,NA
11.38,"2272",32001,2016,1,NA,NA,NA,NA
1.1,"2274",32001,2016,1,NA,NA,NA,NA
24.7,"2275",32001,2016,1,NA,NA,NA,NA
7.55,"2276",32001,2016,1,NA,NA,NA,NA
2.84,"2278",32001,2016,1,NA,NA,NA,NA
17.51,"2284",32001,2016,1,NA,NA,NA,NA
3.25,"2292",32001,2016,1,NA,NA,NA,NA
30.76,"2293",32001,2016,1,NA,NA,NA,NA
5.22,"2294",32001,2016,1,NA,NA,NA,NA
14.33,"2295",32001,2016,1,NA,NA,NA,NA
9.13,"2296",32001,2016,1,NA,NA,NA,NA
66.53,"2299",32001,2016,1,NA,NA,NA,NA
18.16,"2300",32001,2016,1,NA,NA,NA,NA
7.31,"2301",32001,2016,1,NA,NA,NA,NA
7.04,"2303",32001,2016,1,NA,NA,NA,NA
15.72,"2304",32001,2016,1,NA,NA,NA,NA
13.5,"2305",32001,2016,1,NA,NA,NA,NA
41.35,"2306",32001,2016,1,NA,NA,NA,NA
3.61,"2307",32001,2016,1,NA,NA,NA,NA
16.11,"2308",32001,2016,1,NA,NA,NA,NA
13.27,"2309",32001,2016,1,NA,NA,NA,NA
9.74,"2321",32001,2016,1,NA,NA,NA,NA
4.12,"2323",32001,2016,1,NA,NA,NA,NA
47.93,"2325",32001,2016,1,NA,NA,NA,NA
4.46,"2328",32001,2016,1,NA,NA,NA,NA
5.91,"2333",32001,2016,1,NA,NA,NA,NA
9.78,"2335",32001,2016,1,NA,NA,NA,NA
29.36,"2336",32001,2016,1,NA,NA,NA,NA
9.57,"2337",32001,2016,1,NA,NA,NA,NA
13.43,"2338",32001,2016,1,NA,NA,NA,NA
6.95,"2401",32001,2016,1,NA,NA,NA,NA
5.51,"2402",32001,2016,1,NA,NA,NA,NA
8.59,"2403",32001,2016,1,NA,NA,NA,NA
7.14,"2404",32001,2016,1,NA,NA,NA,NA
5.49,"2405",32001,2016,1,NA,NA,NA,NA
9.39,"2406",32001,2016,1,NA,NA,NA,NA
12.1,"2407",32001,2016,1,NA,NA,NA,NA
6.88,"2408",32001,2016,1,NA,NA,NA,NA
12.92,"2421",32001,2016,1,NA,NA,NA,NA
15.71,"2422",32001,2016,1,NA,NA,NA,NA
16.3,"2424",32001,2016,1,NA,NA,NA,NA
7.75,"2425",32001,2016,1,NA,NA,NA,NA
15.5,"2426",32001,2016,1,NA,NA,NA,NA
11.27,"2427",32001,2016,1,NA,NA,NA,NA
35.48,"2428",32001,2016,1,NA,NA,NA,NA
24.46,"2430",32001,2016,1,NA,NA,NA,NA
4.15,"2445",32001,2016,1,NA,NA,NA,NA
4.43,"2455",32001,2016,1,NA,NA,NA,NA
3.06,"2456",32001,2016,1,NA,NA,NA,NA
11.89,"2457",32001,2016,1,NA,NA,NA,NA
7.17,"2461",32001,2016,1,NA,NA,NA,NA
1.58,"2463",32001,2016,1,NA,NA,NA,NA
7.81,"2464",32001,2016,1,NA,NA,NA,NA
22.59,"2465",32001,2016,1,NA,NA,NA,NA
1.67,"2471",32001,2016,1,NA,NA,NA,NA
6.23,"2472",32001,2016,1,NA,NA,NA,NA
5.79,"2473",32001,2016,1,NA,NA,NA,NA
5.99,"2474",32001,2016,1,NA,NA,NA,NA
8.35,"2475",32001,2016,1,NA,NA,NA,NA
7.52,"2476",32001,2016,1,NA,NA,NA,NA
8.48,"2477",32001,2016,1,NA,NA,NA,NA
6.34,"2478",32001,2016,1,NA,NA,NA,NA
5.35,"2479",32001,2016,1,NA,NA,NA,NA
16.31,"2480",32001,2016,1,NA,NA,NA,NA
2.67,"2481",32001,2016,1,NA,NA,NA,NA
5.35,"2491",32001,2016,1,NA,NA,NA,NA
8.53,"2492",32001,2016,1,NA,NA,NA,NA
13.25,"2493",32001,2016,1,NA,NA,NA,NA
4.32,"2495",32001,2016,1,NA,NA,NA,NA
3.63,"2497",32001,2016,1,NA,NA,NA,NA
8.39,"2499",32001,2016,1,NA,NA,NA,NA
7.6,"2500",32001,2016,1,NA,NA,NA,NA
3.94,"2501",32001,2016,1,NA,NA,NA,NA
4.79,"2502",32001,2016,1,NA,NA,NA,NA
8.87,"2503",32001,2016,1,NA,NA,NA,NA
5.48,"2511",32001,2016,1,NA,NA,NA,NA
12.25,"2513",32001,2016,1,NA,NA,NA,NA
2.12,"2514",32001,2016,1,NA,NA,NA,NA
7.6,"2516",32001,2016,1,NA,NA,NA,NA
5.62,"2517",32001,2016,1,NA,NA,NA,NA
3.37,"2518",32001,2016,1,NA,NA,NA,NA
1.85,"2519",32001,2016,1,NA,NA,NA,NA
1.85,"2520",32001,2016,1,NA,NA,NA,NA
2.64,"2523",32001,2016,1,NA,NA,NA,NA
1.02,"2524",32001,2016,1,NA,NA,NA,NA
1.14,"2525",32001,2016,1,NA,NA,NA,NA
4.48,"2526",32001,2016,1,NA,NA,NA,NA
4.52,"2527",32001,2016,1,NA,NA,NA,NA
1.51,"2528",32001,2016,1,NA,NA,NA,NA
2.39,"2529",32001,2016,1,NA,NA,NA,NA
3.36,"2530",32001,2016,1,NA,NA,NA,NA
6.27,"2532",32001,2016,1,NA,NA,NA,NA
4.63,"2534",32001,2016,1,NA,NA,NA,NA
4.57,"2535",32001,2016,1,NA,NA,NA,NA
5.47,"2541",32001,2016,1,NA,NA,NA,NA
5.29,"2542",32001,2016,1,NA,NA,NA,NA
12.19,"2543",32001,2016,1,NA,NA,NA,NA
2.51,"2544",32001,2016,1,NA,NA,NA,NA
3.11,"2545",32001,2016,1,NA,NA,NA,NA
26.03,"2546",32001,2016,1,NA,NA,NA,NA
5.26,"2547",32001,2016,1,NA,NA,NA,NA
1.35,"2548",32001,2016,1,NA,NA,NA,NA
0.95,"2549",32001,2016,1,NA,NA,NA,NA
1.95,"2550",32001,2016,1,NA,NA,NA,NA
5.76,"2551",32001,2016,1,NA,NA,NA,NA
11.91,"2553",32001,2016,1,NA,NA,NA,NA
7.15,"2554",32001,2016,1,NA,NA,NA,NA
8.77,"2555",32001,2016,1,NA,NA,NA,NA
19.47,"2556",32001,2016,1,NA,NA,NA,NA
2.76,"2571",32001,2016,1,NA,NA,NA,NA
5.43,"2572",32001,2016,1,NA,NA,NA,NA
6.04,"2573",32001,2016,1,NA,NA,NA,NA
1.81,"2574",32001,2016,1,NA,NA,NA,NA
4.48,"2575",32001,2016,1,NA,NA,NA,NA
5.83,"2576",32001,2016,1,NA,NA,NA,NA
3.93,"2578",32001,2016,1,NA,NA,NA,NA
13.94,"2579",32001,2016,1,NA,NA,NA,NA
5.1,"2580",32001,2016,1,NA,NA,NA,NA
11.49,"2581",32001,2016,1,NA,NA,NA,NA
2.76,"2582",32001,2016,1,NA,NA,NA,NA
3.71,"2583",32001,2016,1,NA,NA,NA,NA
1.85,"2584",32001,2016,1,NA,NA,NA,NA
4.48,"2585",32001,2016,1,NA,NA,NA,NA
6.96,"2586",32001,2016,1,NA,NA,NA,NA
6.28,"2601",32001,2016,1,NA,NA,NA,NA
11.19,"2611",32001,2016,1,NA,NA,NA,NA
22.66,"2612",32001,2016,1,NA,NA,NA,NA
6.8,"2613",32001,2016,1,NA,NA,NA,NA
7.55,"2614",32001,2016,1,NA,NA,NA,NA
7.43,"2615",32001,2016,1,NA,NA,NA,NA
1.48,"2616",32001,2016,1,NA,NA,NA,NA
3.08,"2617",32001,2016,1,NA,NA,NA,NA
6.03,"2618",32001,2016,1,NA,NA,NA,NA
16.32,"2619",32001,2016,1,NA,NA,NA,NA
5.76,"2620",32001,2016,1,NA,NA,NA,NA
10.31,"2621",32001,2016,1,NA,NA,NA,NA
3.66,"2622",32001,2016,1,NA,NA,NA,NA
23.85,"2701",32001,2016,1,NA,NA,NA,NA
2.23,"2702",32001,2016,1,NA,NA,NA,NA
10.87,"2703",32001,2016,1,NA,NA,NA,NA
7.4,"2761",32001,2016,1,NA,NA,NA,NA
8.89,"2762",32001,2016,1,NA,NA,NA,NA
6.93,"2763",32001,2016,1,NA,NA,NA,NA
4.12,"2764",32001,2016,1,NA,NA,NA,NA
4.46,"2765",32001,2016,1,NA,NA,NA,NA
2.52,"2766",32001,2016,1,NA,NA,NA,NA
2.99,"2767",32001,2016,1,NA,NA,NA,NA
6.32,"2768",32001,2016,1,NA,NA,NA,NA
7.19,"2769",32001,2016,1,NA,NA,NA,NA
16.66,"2770",32001,2016,1,NA,NA,NA,NA
7.89,"2771",32001,2016,1,NA,NA,NA,NA
4.89,"2772",32001,2016,1,NA,NA,NA,NA
6.97,"2773",32001,2016,1,NA,NA,NA,NA
1.35,"2774",32001,2016,1,NA,NA,NA,NA
7.66,"2775",32001,2016,1,NA,NA,NA,NA
7.12,"2781",32001,2016,1,NA,NA,NA,NA
9.42,"2782",32001,2016,1,NA,NA,NA,NA
2.84,"2783",32001,2016,1,NA,NA,NA,NA
6.75,"2784",32001,2016,1,NA,NA,NA,NA
5.86,"2785",32001,2016,1,NA,NA,NA,NA
3.29,"2786",32001,2016,1,NA,NA,NA,NA
11.4,"2787",32001,2016,1,NA,NA,NA,NA
12.46,"2788",32001,2016,1,NA,NA,NA,NA
3.66,"2789",32001,2016,1,NA,NA,NA,NA
6.66,"2790",32001,2016,1,NA,NA,NA,NA
10.07,"2791",32001,2016,1,NA,NA,NA,NA
5.41,"2792",32001,2016,1,NA,NA,NA,NA
4.61,"2793",32001,2016,1,NA,NA,NA,NA
10,"2821",32001,2016,1,NA,NA,NA,NA
1.65,"2822",32001,2016,1,NA,NA,NA,NA
10.8,"2823",32001,2016,1,NA,NA,NA,NA
4.59,"2824",32001,2016,1,NA,NA,NA,NA
4.62,"2825",32001,2016,1,NA,NA,NA,NA
1.34,"2826",32001,2016,1,NA,NA,NA,NA
1.66,"2827",32001,2016,1,NA,NA,NA,NA
5.57,"2828",32001,2016,1,NA,NA,NA,NA
18.18,"2829",32001,2016,1,NA,NA,NA,NA
3.11,"2830",32001,2016,1,NA,NA,NA,NA
10.7,"2831",32001,2016,1,NA,NA,NA,NA
2.25,"2832",32001,2016,1,NA,NA,NA,NA
3.56,"2833",32001,2016,1,NA,NA,NA,NA
7.82,"2834",32001,2016,1,NA,NA,NA,NA
3.95,"2841",32001,2016,1,NA,NA,NA,NA
2.28,"2842",32001,2016,1,NA,NA,NA,NA
2,"2843",32001,2016,1,NA,NA,NA,NA
8.85,"2844",32001,2016,1,NA,NA,NA,NA
1.44,"2845",32001,2016,1,NA,NA,NA,NA
9.78,"2846",32001,2016,1,NA,NA,NA,NA
3.97,"2847",32001,2016,1,NA,NA,NA,NA
3.39,"2848",32001,2016,1,NA,NA,NA,NA
3.13,"2849",32001,2016,1,NA,NA,NA,NA
1.48,"2850",32001,2016,1,NA,NA,NA,NA
1.59,"2851",32001,2016,1,NA,NA,NA,NA
8.16,"2852",32001,2016,1,NA,NA,NA,NA
5.08,"2853",32001,2016,1,NA,NA,NA,NA
1.72,"2854",32001,2016,1,NA,NA,NA,NA
7.18,"2855",32001,2016,1,NA,NA,NA,NA
6.93,"2856",32001,2016,1,NA,NA,NA,NA
2.9,"2857",32001,2016,1,NA,NA,NA,NA
10.95,"2858",32001,2016,1,NA,NA,NA,NA
2.28,"2859",32001,2016,1,NA,NA,NA,NA
4.97,"2860",32001,2016,1,NA,NA,NA,NA
8.9,"2861",32001,2016,1,NA,NA,NA,NA
2.34,"2862",32001,2016,1,NA,NA,NA,NA
4.67,"2863",32001,2016,1,NA,NA,NA,NA
2.26,"2864",32001,2016,1,NA,NA,NA,NA
5.92,"2865",32001,2016,1,NA,NA,NA,NA
6.95,"2866",32001,2016,1,NA,NA,NA,NA
3.2,"2867",32001,2016,1,NA,NA,NA,NA
7.91,"2868",32001,2016,1,NA,NA,NA,NA
6.86,"2869",32001,2016,1,NA,NA,NA,NA
3.47,"2881",32001,2016,1,NA,NA,NA,NA
6.53,"2882",32001,2016,1,NA,NA,NA,NA
7.33,"2883",32001,2016,1,NA,NA,NA,NA
9.64,"2884",32001,2016,1,NA,NA,NA,NA
11.18,"2885",32001,2016,1,NA,NA,NA,NA
6.03,"2886",32001,2016,1,NA,NA,NA,NA
4.01,"2887",32001,2016,1,NA,NA,NA,NA
15.66,"2888",32001,2016,1,NA,NA,NA,NA
7.3,"2889",32001,2016,1,NA,NA,NA,NA
1.95,"2890",32001,2016,1,NA,NA,NA,NA
4.4,"2891",32001,2016,1,NA,NA,NA,NA
6.21,"2892",32001,2016,1,NA,NA,NA,NA
9.25,"2893",32001,2016,1,NA,NA,NA,NA
3.71,"2894",32001,2016,1,NA,NA,NA,NA
8.32,"2895",32001,2016,1,NA,NA,NA,NA
7.13,"2901",32001,2016,1,NA,NA,NA,NA
6.83,"2903",32001,2016,1,NA,NA,NA,NA
17.92,"2904",32001,2016,1,NA,NA,NA,NA
4,"2914",32001,2016,1,NA,NA,NA,NA
5.82,"2915",32001,2016,1,NA,NA,NA,NA
4.87,"2917",32001,2016,1,NA,NA,NA,NA
4.72,"2919",32001,2016,1,NA,NA,NA,NA
19.92,"2920",32001,2016,1,NA,NA,NA,NA
8.27,"2931",32001,2016,1,NA,NA,NA,NA
18.68,"2932",32001,2016,1,NA,NA,NA,NA
5.86,"2933",32001,2016,1,NA,NA,NA,NA
17.57,"2936",32001,2016,1,NA,NA,NA,NA
8,"2937",32001,2016,1,NA,NA,NA,NA
5.52,"2938",32001,2016,1,NA,NA,NA,NA
41.84,"2939",32001,2016,1,NA,NA,NA,NA
12.58,"2951",32001,2016,1,NA,NA,NA,NA
21.63,"2952",32001,2016,1,NA,NA,NA,NA
9.42,"2953",32001,2016,1,NA,NA,NA,NA
3.8,"2961",32001,2016,1,NA,NA,NA,NA
7.9,"2962",32001,2016,1,NA,NA,NA,NA
13.49,"2963",32001,2016,1,NA,NA,NA,NA
5.78,"2964",32001,2016,1,NA,NA,NA,NA
15.32,"2971",32001,2016,1,NA,NA,NA,NA
6.05,"2972",32001,2016,1,NA,NA,NA,NA
4.14,"2973",32001,2016,1,NA,NA,NA,NA
21.1,"2974",32001,2016,1,NA,NA,NA,NA
25.2,"3001",32001,2016,1,NA,NA,NA,NA
24.08,"3002",32001,2016,1,NA,NA,NA,NA
5.19,"3003",32001,2016,1,NA,NA,NA,NA
17.42,"3004",32001,2016,1,NA,NA,NA,NA
9.36,"3005",32001,2016,1,NA,NA,NA,NA
48.16,"3006",32001,2016,1,NA,NA,NA,NA
6.75,"3007",32001,2016,1,NA,NA,NA,NA
5.6,"3021",32001,2016,1,NA,NA,NA,NA
21.21,"3022",32001,2016,1,NA,NA,NA,NA
8.18,"3023",32001,2016,1,NA,NA,NA,NA
15.25,"3024",32001,2016,1,NA,NA,NA,NA
10.03,"3025",32001,2016,1,NA,NA,NA,NA
4.21,"3031",32001,2016,1,NA,NA,NA,NA
7.48,"3032",32001,2016,1,NA,NA,NA,NA
2.25,"3033",32001,2016,1,NA,NA,NA,NA
6.72,"3034",32001,2016,1,NA,NA,NA,NA
4.99,"3035",32001,2016,1,NA,NA,NA,NA
6.83,"3036",32001,2016,1,NA,NA,NA,NA
7,"3037",32001,2016,1,NA,NA,NA,NA
6.93,"3038",32001,2016,1,NA,NA,NA,NA
16.88,"3101",32001,2016,1,NA,NA,NA,NA
24.73,"3102",32001,2016,1,NA,NA,NA,NA
40.82,"3103",32001,2016,1,NA,NA,NA,NA
17.93,"3104",32001,2016,1,NA,NA,NA,NA
57.51,"3105",32001,2016,1,NA,NA,NA,NA
14.61,"3111",32001,2016,1,NA,NA,NA,NA
9.07,"3201",32001,2016,1,NA,NA,NA,NA
10.33,"3202",32001,2016,1,NA,NA,NA,NA
39.38,"3203",32001,2016,1,NA,NA,NA,NA
12.2,"3204",32001,2016,1,NA,NA,NA,NA
3.76,"3211",32001,2016,1,NA,NA,NA,NA
8.9,"3212",32001,2016,1,NA,NA,NA,NA
4.71,"3213",32001,2016,1,NA,NA,NA,NA
9.84,"3214",32001,2016,1,NA,NA,NA,NA
1.78,"3215",32001,2016,1,NA,NA,NA,NA
7.09,"3216",32001,2016,1,NA,NA,NA,NA
4.49,"3217",32001,2016,1,NA,NA,NA,NA
1.99,"3218",32001,2016,1,NA,NA,NA,NA
7.14,"3219",32001,2016,1,NA,NA,NA,NA
4.65,"3231",32001,2016,1,NA,NA,NA,NA
6.52,"3232",32001,2016,1,NA,NA,NA,NA
5.62,"3233",32001,2016,1,NA,NA,NA,NA
11.25,"3234",32001,2016,1,NA,NA,NA,NA
2.2,"3235",32001,2016,1,NA,NA,NA,NA
6.87,"3236",32001,2016,1,NA,NA,NA,NA
9.65,"3237",32001,2016,1,NA,NA,NA,NA
4.22,"3238",32001,2016,1,NA,NA,NA,NA
39.46,"3251",32001,2016,1,NA,NA,NA,NA
5.44,"3252",32001,2016,1,NA,NA,NA,NA
4.38,"3253",32001,2016,1,NA,NA,NA,NA
34.6,"3254",32001,2016,1,NA,NA,NA,NA
4.39,"3255",32001,2016,1,NA,NA,NA,NA
9.33,"3256",32001,2016,1,NA,NA,NA,NA
15.95,"3271",32001,2016,1,NA,NA,NA,NA
22.27,"3272",32001,2016,1,NA,NA,NA,NA
54.65,"3273",32001,2016,1,NA,NA,NA,NA
41.56,"3274",32001,2016,1,NA,NA,NA,NA
30.33,"3275",32001,2016,1,NA,NA,NA,NA
41.75,"3276",32001,2016,1,NA,NA,NA,NA
25.4,"3291",32001,2016,1,NA,NA,NA,NA
75.15,"3292",32001,2016,1,NA,NA,NA,NA
139.11,"3293",32001,2016,1,NA,NA,NA,NA
128.46,"3294",32001,2016,1,NA,NA,NA,NA
61.77,"3295",32001,2016,1,NA,NA,NA,NA
9.46,"3296",32001,2016,1,NA,NA,NA,NA
32.72,"3297",32001,2016,1,NA,NA,NA,NA
45.72,"3298",32001,2016,1,NA,NA,NA,NA
43.04,"3311",32001,2016,1,NA,NA,NA,NA
16.5,"3312",32001,2016,1,NA,NA,NA,NA
18.64,"3313",32001,2016,1,NA,NA,NA,NA
39.9,"3315",32001,2016,1,NA,NA,NA,NA
5.4,"3316",32001,2016,1,NA,NA,NA,NA
4.15,"3338",32001,2016,1,NA,NA,NA,NA
7.54,"3339",32001,2016,1,NA,NA,NA,NA
22.26,"3340",32001,2016,1,NA,NA,NA,NA
33.59,"3341",32001,2016,1,NA,NA,NA,NA
54.89,"3342",32001,2016,1,NA,NA,NA,NA
43.55,"3352",32001,2016,1,NA,NA,NA,NA
87.53,"3359",32001,2016,1,NA,NA,NA,NA
92.7,"3360",32001,2016,1,NA,NA,NA,NA
20.19,"3372",32001,2016,1,NA,NA,NA,NA
2.82,"3374",32001,2016,1,NA,NA,NA,NA
12.65,"3375",32001,2016,1,NA,NA,NA,NA
49,"3378",32001,2016,1,NA,NA,NA,NA
51.18,"3379",32001,2016,1,NA,NA,NA,NA
42.54,"3392",32001,2016,1,NA,NA,NA,NA
14.1,"3393",32001,2016,1,NA,NA,NA,NA
50.51,"3394",32001,2016,1,NA,NA,NA,NA
21.83,"3395",32001,2016,1,NA,NA,NA,NA
14.48,"3401",32001,2016,1,NA,NA,NA,NA
11.47,"3402",32001,2016,1,NA,NA,NA,NA
10.99,"3405",32001,2016,1,NA,NA,NA,NA
14.08,"3407",32001,2016,1,NA,NA,NA,NA
14.49,"3408",32001,2016,1,NA,NA,NA,NA
15.84,"3422",32001,2016,1,NA,NA,NA,NA
16.37,"3423",32001,2016,1,NA,NA,NA,NA
17.73,"3424",32001,2016,1,NA,NA,NA,NA
8.97,"3426",32001,2016,1,NA,NA,NA,NA
20.82,"3427",32001,2016,1,NA,NA,NA,NA
6.31,"3441",32001,2016,1,NA,NA,NA,NA
12.63,"3442",32001,2016,1,NA,NA,NA,NA
27.51,"3443",32001,2016,1,NA,NA,NA,NA
31.34,"3444",32001,2016,1,NA,NA,NA,NA
42.51,"3506",32001,2016,1,NA,NA,NA,NA
21.81,"3513",32001,2016,1,NA,NA,NA,NA
11.35,"3514",32001,2016,1,NA,NA,NA,NA
93.93,"3542",32001,2016,1,NA,NA,NA,NA
323.77,"3543",32001,2016,1,NA,NA,NA,NA
190.14,"3544",32001,2016,1,NA,NA,NA,NA
46.3,"3551",32001,2016,1,NA,NA,NA,NA
191.01,"3561",32001,2016,1,NA,NA,NA,NA
22.36,"3572",32001,2016,1,NA,NA,NA,NA
31.71,"3575",32001,2016,1,NA,NA,NA,NA
6.92,"3581",32001,2016,1,NA,NA,NA,NA
4.79,"3582",32001,2016,1,NA,NA,NA,NA
175.56,"3603",32001,2016,1,NA,NA,NA,NA
165.48,"3618",32001,2016,1,NA,NA,NA,NA
133.48,"3619",32001,2016,1,NA,NA,NA,NA
1.32,"3633",32001,2016,1,NA,NA,NA,NA
3.11,"3637",32001,2016,1,NA,NA,NA,NA
14.29,"3638",32001,2016,1,NA,NA,NA,NA
9.28,"3640",32001,2016,1,NA,NA,NA,NA
31.18,"3661",32001,2016,1,NA,NA,NA,NA
6.09,"3662",32001,2016,1,NA,NA,NA,NA
4.2,"3663",32001,2016,1,NA,NA,NA,NA
16.77,"3668",32001,2016,1,NA,NA,NA,NA
24.67,"3669",32001,2016,1,NA,NA,NA,NA
4.33,"3670",32001,2016,1,NA,NA,NA,NA
151.42,"3672",32001,2016,1,NA,NA,NA,NA
45.94,"3673",32001,2016,1,NA,NA,NA,NA
93.12,"3681",32001,2016,1,NA,NA,NA,NA
34.62,"3695",32001,2016,1,NA,NA,NA,NA
46.3,"3701",32001,2016,1,NA,NA,NA,NA
2.02,"3711",32001,2016,1,NA,NA,NA,NA
24.47,"3712",32001,2016,1,NA,NA,NA,NA
75.46,"3713",32001,2016,1,NA,NA,NA,NA
136.82,"3714",32001,2016,1,NA,NA,NA,NA
53.59,"3715",32001,2016,1,NA,NA,NA,NA
14.4,"3721",32001,2016,1,NA,NA,NA,NA
24.22,"3722",32001,2016,1,NA,NA,NA,NA
13.37,"3723",32001,2016,1,NA,NA,NA,NA
13.4,"3731",32001,2016,1,NA,NA,NA,NA
50.5,"3732",32001,2016,1,NA,NA,NA,NA
40.74,"3733",32001,2016,1,NA,NA,NA,NA
47.17,"3734",32001,2016,1,NA,NA,NA,NA
344.04,"3746",32001,2016,1,NA,NA,NA,NA
56.28,"3752",32001,2016,1,NA,NA,NA,NA
438.63,"3762",32001,2016,1,NA,NA,NA,NA
158.96,"3764",32001,2016,1,NA,NA,NA,NA
45.75,"3781",32001,2016,1,NA,NA,NA,NA
24.02,"3782",32001,2016,1,NA,NA,NA,NA
16.28,"3783",32001,2016,1,NA,NA,NA,NA
118.2,"3784",32001,2016,1,NA,NA,NA,NA
63.28,"3785",32001,2016,1,NA,NA,NA,NA
113.8,"3786",32001,2016,1,NA,NA,NA,NA
28.69,"3787",32001,2016,1,NA,NA,NA,NA
138.04,"3788",32001,2016,1,NA,NA,NA,NA
63.58,"3789",32001,2016,1,NA,NA,NA,NA
44.77,"3790",32001,2016,1,NA,NA,NA,NA
65.79,"3791",32001,2016,1,NA,NA,NA,NA
251.45,"3792",32001,2016,1,NA,NA,NA,NA
11.15,"3804",32001,2016,1,NA,NA,NA,NA
3.96,"3805",32001,2016,1,NA,NA,NA,NA
58.89,"3808",32001,2016,1,NA,NA,NA,NA
9.31,"3810",32001,2016,1,NA,NA,NA,NA
50.86,"3821",32001,2016,1,NA,NA,NA,NA
164.77,"3822",32001,2016,1,NA,NA,NA,NA
46.42,"3823",32001,2016,1,NA,NA,NA,NA
15,"3831",32001,2016,1,NA,NA,NA,NA
37.13,"3832",32001,2016,1,NA,NA,NA,NA
38.79,"3834",32001,2016,1,NA,NA,NA,NA
22.06,"3835",32001,2016,1,NA,NA,NA,NA
37.72,"3837",32001,2016,1,NA,NA,NA,NA
198.64,"3847",32001,2016,1,NA,NA,NA,NA
284,"3851",32001,2016,1,NA,NA,NA,NA
25.36,"3861",32001,2016,1,NA,NA,NA,NA
33.32,"3862",32001,2016,1,NA,NA,NA,NA
25.91,"3863",32001,2016,1,NA,NA,NA,NA
219.8,"3871",32001,2016,1,NA,NA,NA,NA
18.4,"3881",32001,2016,1,NA,NA,NA,NA
8.14,"3882",32001,2016,1,NA,NA,NA,NA
83.88,"3891",32001,2016,1,NA,NA,NA,NA
54.24,"3901",32001,2016,1,NA,NA,NA,NA
48.53,"3911",32001,2016,1,NA,NA,NA,NA
154.79,"3921",32001,2016,1,NA,NA,NA,NA
27.74,"3932",32001,2016,1,NA,NA,NA,NA
42.87,"3945",32001,2016,1,NA,NA,NA,NA
27.72,"3946",32001,2016,1,NA,NA,NA,NA
11.01,"3947",32001,2016,1,NA,NA,NA,NA
19.94,"3951",32001,2016,1,NA,NA,NA,NA
10.54,"3952",32001,2016,1,NA,NA,NA,NA
32.33,"3953",32001,2016,1,NA,NA,NA,NA
11.4,"3954",32001,2016,1,NA,NA,NA,NA
18.86,"3955",32001,2016,1,NA,NA,NA,NA
43.3,"3961",32001,2016,1,NA,NA,NA,NA
61.66,"3962",32001,2016,1,NA,NA,NA,NA
49.63,"3972",32001,2016,1,NA,NA,NA,NA
96.58,"3981",32001,2016,1,NA,NA,NA,NA
90.99,"3982",32001,2016,1,NA,NA,NA,NA
136.22,"3983",32001,2016,1,NA,NA,NA,NA
101.88,"3985",32001,2016,1,NA,NA,NA,NA
133.91,"3986",32001,2016,1,NA,NA,NA,NA
51.9,"3987",32001,2016,1,NA,NA,NA,NA
70.36,"3988",32001,2016,1,NA,NA,NA,NA
12.34,"4001",32001,2016,1,NA,NA,NA,NA
4.1,"4002",32001,2016,1,NA,NA,NA,NA
5.32,"4003",32001,2016,1,NA,NA,NA,NA
12.52,"4004",32001,2016,1,NA,NA,NA,NA
9.86,"4005",32001,2016,1,NA,NA,NA,NA
17.23,"4006",32001,2016,1,NA,NA,NA,NA
3.53,"4007",32001,2016,1,NA,NA,NA,NA
11.9,"4008",32001,2016,1,NA,NA,NA,NA
7.03,"4009",32001,2016,1,NA,NA,NA,NA
7.16,"4010",32001,2016,1,NA,NA,NA,NA
10.62,"4012",32001,2016,1,NA,NA,NA,NA
2.88,"4013",32001,2016,1,NA,NA,NA,NA
13.17,"4021",32001,2016,1,NA,NA,NA,NA
4.94,"4022",32001,2016,1,NA,NA,NA,NA
5.94,"4023",32001,2016,1,NA,NA,NA,NA
7.8,"4024",32001,2016,1,NA,NA,NA,NA
2.11,"4026",32001,2016,1,NA,NA,NA,NA
5.05,"4027",32001,2016,1,NA,NA,NA,NA
3.99,"4028",32001,2016,1,NA,NA,NA,NA
5.65,"4029",32001,2016,1,NA,NA,NA,NA
2.43,"4030",32001,2016,1,NA,NA,NA,NA
4.89,"4031",32001,2016,1,NA,NA,NA,NA
3.48,"4032",32001,2016,1,NA,NA,NA,NA
4.87,"4033",32001,2016,1,NA,NA,NA,NA
5.38,"4034",32001,2016,1,NA,NA,NA,NA
3.33,"4035",32001,2016,1,NA,NA,NA,NA
4.3,"4037",32001,2016,1,NA,NA,NA,NA
8.36,"4038",32001,2016,1,NA,NA,NA,NA
3.88,"4039",32001,2016,1,NA,NA,NA,NA
8.6,"4040",32001,2016,1,NA,NA,NA,NA
4.41,"4041",32001,2016,1,NA,NA,NA,NA
1.55,"4042",32001,2016,1,NA,NA,NA,NA
8.28,"4044",32001,2016,1,NA,NA,NA,NA
10.6,"4045",32001,2016,1,NA,NA,NA,NA
4.39,"4046",32001,2016,1,NA,NA,NA,NA
9.37,"4047",32001,2016,1,NA,NA,NA,NA
9.02,"4048",32001,2016,1,NA,NA,NA,NA
7.29,"4049",32001,2016,1,NA,NA,NA,NA
3.37,"4061",32001,2016,1,NA,NA,NA,NA
5.38,"4062",32001,2016,1,NA,NA,NA,NA
11.36,"4063",32001,2016,1,NA,NA,NA,NA
2.82,"4064",32001,2016,1,NA,NA,NA,NA
3.88,"4065",32001,2016,1,NA,NA,NA,NA
2.46,"4066",32001,2016,1,NA,NA,NA,NA
3.07,"4067",32001,2016,1,NA,NA,NA,NA
7.75,"4068",32001,2016,1,NA,NA,NA,NA
5.7,"4071",32001,2016,1,NA,NA,NA,NA
6.15,"4072",32001,2016,1,NA,NA,NA,NA
3.25,"4073",32001,2016,1,NA,NA,NA,NA
5.35,"4074",32001,2016,1,NA,NA,NA,NA
4.9,"4075",32001,2016,1,NA,NA,NA,NA
8.3,"4076",32001,2016,1,NA,NA,NA,NA
3.29,"4077",32001,2016,1,NA,NA,NA,NA
2.44,"4078",32001,2016,1,NA,NA,NA,NA
4.49,"4079",32001,2016,1,NA,NA,NA,NA
11.94,"4080",32001,2016,1,NA,NA,NA,NA
2.62,"4081",32001,2016,1,NA,NA,NA,NA
12.48,"4082",32001,2016,1,NA,NA,NA,NA
4.81,"4083",32001,2016,1,NA,NA,NA,NA
1.66,"4084",32001,2016,1,NA,NA,NA,NA
5.68,"4091",32001,2016,1,NA,NA,NA,NA
5.05,"4092",32001,2016,1,NA,NA,NA,NA
3,"4093",32001,2016,1,NA,NA,NA,NA
3.96,"4094",32001,2016,1,NA,NA,NA,NA
8.26,"4095",32001,2016,1,NA,NA,NA,NA
6.85,"4096",32001,2016,1,NA,NA,NA,NA
4.22,"4097",32001,2016,1,NA,NA,NA,NA
2.23,"4099",32001,2016,1,NA,NA,NA,NA
3.2,"4100",32001,2016,1,NA,NA,NA,NA
8.45,"4104",32001,2016,1,NA,NA,NA,NA
5.54,"4105",32001,2016,1,NA,NA,NA,NA
3.94,"4106",32001,2016,1,NA,NA,NA,NA
3.16,"4107",32001,2016,1,NA,NA,NA,NA
7.87,"4110",32001,2016,1,NA,NA,NA,NA
4.76,"4111",32001,2016,1,NA,NA,NA,NA
4.17,"4112",32001,2016,1,NA,NA,NA,NA
9.92,"4117",32001,2016,1,NA,NA,NA,NA
5.24,"4120",32001,2016,1,NA,NA,NA,NA
11.21,"4121",32001,2016,1,NA,NA,NA,NA
5.75,"4122",32001,2016,1,NA,NA,NA,NA
4.91,"4123",32001,2016,1,NA,NA,NA,NA
15.5,"4124",32001,2016,1,NA,NA,NA,NA
12.24,"4125",32001,2016,1,NA,NA,NA,NA
3.83,"4131",32001,2016,1,NA,NA,NA,NA
3.41,"4132",32001,2016,1,NA,NA,NA,NA
0.94,"4133",32001,2016,1,NA,NA,NA,NA
5.91,"4134",32001,2016,1,NA,NA,NA,NA
9.74,"4135",32001,2016,1,NA,NA,NA,NA
2.86,"4136",32001,2016,1,NA,NA,NA,NA
1.15,"4137",32001,2016,1,NA,NA,NA,NA
3.75,"4138",32001,2016,1,NA,NA,NA,NA
6.38,"4139",32001,2016,1,NA,NA,NA,NA
9.41,"4140",32001,2016,1,NA,NA,NA,NA
9.47,"4141",32001,2016,1,NA,NA,NA,NA
7.25,"4142",32001,2016,1,NA,NA,NA,NA
8.65,"4143",32001,2016,1,NA,NA,NA,NA
6.28,"4144",32001,2016,1,NA,NA,NA,NA
3.57,"4145",32001,2016,1,NA,NA,NA,NA
8.88,"4146",32001,2016,1,NA,NA,NA,NA
5.8,"4147",32001,2016,1,NA,NA,NA,NA
7.09,"4161",32001,2016,1,NA,NA,NA,NA
9.96,"4163",32001,2016,1,NA,NA,NA,NA
8.77,"4164",32001,2016,1,NA,NA,NA,NA
10.17,"4165",32001,2016,1,NA,NA,NA,NA
6.26,"4166",32001,2016,1,NA,NA,NA,NA
7.27,"4167",32001,2016,1,NA,NA,NA,NA
18.09,"4169",32001,2016,1,NA,NA,NA,NA
14.49,"4170",32001,2016,1,NA,NA,NA,NA
2.46,"4172",32001,2016,1,NA,NA,NA,NA
8.2,"4173",32001,2016,1,NA,NA,NA,NA
4.38,"4175",32001,2016,1,NA,NA,NA,NA
2.79,"4176",32001,2016,1,NA,NA,NA,NA
2.52,"4177",32001,2016,1,NA,NA,NA,NA
5.1,"4179",32001,2016,1,NA,NA,NA,NA
11.25,"4181",32001,2016,1,NA,NA,NA,NA
9.51,"4182",32001,2016,1,NA,NA,NA,NA
6.88,"4183",32001,2016,1,NA,NA,NA,NA
21.6,"4184",32001,2016,1,NA,NA,NA,NA
3.19,"4191",32001,2016,1,NA,NA,NA,NA
2.41,"4192",32001,2016,1,NA,NA,NA,NA
1.55,"4193",32001,2016,1,NA,NA,NA,NA
3.72,"4194",32001,2016,1,NA,NA,NA,NA
6.29,"4195",32001,2016,1,NA,NA,NA,NA
4.01,"4196",32001,2016,1,NA,NA,NA,NA
2.18,"4197",32001,2016,1,NA,NA,NA,NA
3.52,"4198",32001,2016,1,NA,NA,NA,NA
2.33,"4199",32001,2016,1,NA,NA,NA,NA
3.26,"4200",32001,2016,1,NA,NA,NA,NA
11.31,"4201",32001,2016,1,NA,NA,NA,NA
4.25,"4202",32001,2016,1,NA,NA,NA,NA
6.61,"4203",32001,2016,1,NA,NA,NA,NA
3.31,"4204",32001,2016,1,NA,NA,NA,NA
4.72,"4205",32001,2016,1,NA,NA,NA,NA
6.22,"4206",32001,2016,1,NA,NA,NA,NA
6.33,"4207",32001,2016,1,NA,NA,NA,NA
9.69,"4208",32001,2016,1,NA,NA,NA,NA
9.62,"4209",32001,2016,1,NA,NA,NA,NA
3.58,"4210",32001,2016,1,NA,NA,NA,NA
4.15,"4221",32001,2016,1,NA,NA,NA,NA
8.64,"4222",32001,2016,1,NA,NA,NA,NA
8.56,"4223",32001,2016,1,NA,NA,NA,NA
11.31,"4224",32001,2016,1,NA,NA,NA,NA
2.38,"4226",32001,2016,1,NA,NA,NA,NA
4.25,"4227",32001,2016,1,NA,NA,NA,NA
11.78,"4228",32001,2016,1,NA,NA,NA,NA
5.78,"4229",32001,2016,1,NA,NA,NA,NA
4.57,"4230",32001,2016,1,NA,NA,NA,NA
5.49,"4231",32001,2016,1,NA,NA,NA,NA
3.28,"4232",32001,2016,1,NA,NA,NA,NA
2.68,"4233",32001,2016,1,NA,NA,NA,NA
13.51,"4234",32001,2016,1,NA,NA,NA,NA
5.52,"4235",32001,2016,1,NA,NA,NA,NA
12.34,"4236",32001,2016,1,NA,NA,NA,NA
5.38,"4237",32001,2016,1,NA,NA,NA,NA
4.49,"4238",32001,2016,1,NA,NA,NA,NA
20.31,"4239",32001,2016,1,NA,NA,NA,NA
4.54,"4240",32001,2016,1,NA,NA,NA,NA
7.04,"4251",32001,2016,1,NA,NA,NA,NA
4.9,"4252",32001,2016,1,NA,NA,NA,NA
11.02,"4253",32001,2016,1,NA,NA,NA,NA
18.78,"4254",32001,2016,1,NA,NA,NA,NA
3.11,"4255",32001,2016,1,NA,NA,NA,NA
5.02,"4256",32001,2016,1,NA,NA,NA,NA
4.61,"4257",32001,2016,1,NA,NA,NA,NA
16.04,"4258",32001,2016,1,NA,NA,NA,NA
7.05,"4259",32001,2016,1,NA,NA,NA,NA
2.81,"4260",32001,2016,1,NA,NA,NA,NA
4.51,"4261",32001,2016,1,NA,NA,NA,NA
7.12,"4262",32001,2016,1,NA,NA,NA,NA
11.37,"4263",32001,2016,1,NA,NA,NA,NA
8.4,"4264",32001,2016,1,NA,NA,NA,NA
4.41,"4271",32001,2016,1,NA,NA,NA,NA
5.1,"4273",32001,2016,1,NA,NA,NA,NA
13.67,"4274",32001,2016,1,NA,NA,NA,NA
4.36,"4275",32001,2016,1,NA,NA,NA,NA
8.89,"4276",32001,2016,1,NA,NA,NA,NA
3.81,"4277",32001,2016,1,NA,NA,NA,NA
18.62,"4279",32001,2016,1,NA,NA,NA,NA
12.85,"4280",32001,2016,1,NA,NA,NA,NA
8.02,"4281",32001,2016,1,NA,NA,NA,NA
11.85,"4282",32001,2016,1,NA,NA,NA,NA
5.99,"4283",32001,2016,1,NA,NA,NA,NA
8.93,"4284",32001,2016,1,NA,NA,NA,NA
6.03,"4285",32001,2016,1,NA,NA,NA,NA
7.09,"4286",32001,2016,1,NA,NA,NA,NA
10.14,"4287",32001,2016,1,NA,NA,NA,NA
1.17,"4288",32001,2016,1,NA,NA,NA,NA
11.08,"4289",32001,2016,1,NA,NA,NA,NA
2.82,"4301",32001,2016,1,NA,NA,NA,NA
2.6,"4302",32001,2016,1,NA,NA,NA,NA
7.43,"4303",32001,2016,1,NA,NA,NA,NA
6.93,"4304",32001,2016,1,NA,NA,NA,NA
11.92,"4305",32001,2016,1,NA,NA,NA,NA
5.77,"4306",32001,2016,1,NA,NA,NA,NA
4.82,"4307",32001,2016,1,NA,NA,NA,NA
0.32,"4308",32001,2016,1,NA,NA,NA,NA
6.71,"4309",32001,2016,1,NA,NA,NA,NA
4.08,"4310",32001,2016,1,NA,NA,NA,NA
6.39,"4311",32001,2016,1,NA,NA,NA,NA
12.67,"4312",32001,2016,1,NA,NA,NA,NA
13.76,"4313",32001,2016,1,NA,NA,NA,NA
2.7,"4314",32001,2016,1,NA,NA,NA,NA
3.1,"4315",32001,2016,1,NA,NA,NA,NA
3.92,"4316",32001,2016,1,NA,NA,NA,NA
2.9,"4317",32001,2016,1,NA,NA,NA,NA
8.26,"4318",32001,2016,1,NA,NA,NA,NA
5.51,"4319",32001,2016,1,NA,NA,NA,NA
7.12,"4320",32001,2016,1,NA,NA,NA,NA
3.75,"4322",32001,2016,1,NA,NA,NA,NA
6.52,"4323",32001,2016,1,NA,NA,NA,NA
6,"4401",32001,2016,1,NA,NA,NA,NA
1.3,"4406",32001,2016,1,NA,NA,NA,NA
18.43,"4411",32001,2016,1,NA,NA,NA,NA
6.08,"4416",32001,2016,1,NA,NA,NA,NA
1.73,"4421",32001,2016,1,NA,NA,NA,NA
4.47,"4426",32001,2016,1,NA,NA,NA,NA
12.02,"4431",32001,2016,1,NA,NA,NA,NA
8.73,"4436",32001,2016,1,NA,NA,NA,NA
2.71,"4441",32001,2016,1,NA,NA,NA,NA
4.22,"4446",32001,2016,1,NA,NA,NA,NA
4.35,"4451",32001,2016,1,NA,NA,NA,NA
19.02,"4461",32001,2016,1,NA,NA,NA,NA
11.58,"4471",32001,2016,1,NA,NA,NA,NA
12.19,"4476",32001,2016,1,NA,NA,NA,NA
12.49,"4486",32001,2016,1,NA,NA,NA,NA
8.01,"4495",32001,2016,1,NA,NA,NA,NA
10.95,"4501",32001,2016,1,NA,NA,NA,NA
9.12,"4506",32001,2016,1,NA,NA,NA,NA
12.21,"4511",32001,2016,1,NA,NA,NA,NA
15.63,"4536",32001,2016,1,NA,NA,NA,NA
10.08,"4545",32001,2016,1,NA,NA,NA,NA
15.54,"4546",32001,2016,1,NA,NA,NA,NA
19.94,"4551",32001,2016,1,NA,NA,NA,NA
7.38,"4561",32001,2016,1,NA,NA,NA,NA
27.36,"4566",32001,2016,1,NA,NA,NA,NA
9.74,"4571",32001,2016,1,NA,NA,NA,NA
11.6,"4590",32001,2016,1,NA,NA,NA,NA
7.68,"4591",32001,2016,1,NA,NA,NA,NA
11.36,"4601",32001,2016,1,NA,NA,NA,NA
6.37,"4606",32001,2016,1,NA,NA,NA,NA
15.61,"4611",32001,2016,1,NA,NA,NA,NA
14.03,"4616",32001,2016,1,NA,NA,NA,NA
8.21,"4621",32001,2016,1,NA,NA,NA,NA
6.73,"4641",32001,2016,1,NA,NA,NA,NA
2.41,"4643",32001,2016,1,NA,NA,NA,NA
10.46,"4646",32001,2016,1,NA,NA,NA,NA
0.32,"4651",32001,2016,1,NA,NA,NA,NA
9.54,"4656",32001,2016,1,NA,NA,NA,NA
25.04,"4666",32001,2016,1,NA,NA,NA,NA
11.5,"4671",32001,2016,1,NA,NA,NA,NA
10.83,"4681",32001,2016,1,NA,NA,NA,NA
8.89,"4683",32001,2016,1,NA,NA,NA,NA
5.46,"4691",32001,2016,1,NA,NA,NA,NA
11.56,"4696",32001,2016,1,NA,NA,NA,NA
12.21,"4701",32001,2016,1,NA,NA,NA,NA
14.43,"4711",32001,2016,1,NA,NA,NA,NA
3.85,"4716",32001,2016,1,NA,NA,NA,NA
12.26,"4721",32001,2016,1,NA,NA,NA,NA
9.17,"4723",32001,2016,1,NA,NA,NA,NA
6.22,"4724",32001,2016,1,NA,NA,NA,NA
30.58,"4726",32001,2016,1,NA,NA,NA,NA
8.61,"4741",32001,2016,1,NA,NA,NA,NA
7.81,"4746",32001,2016,1,NA,NA,NA,NA
1.58,"4751",32001,2016,1,NA,NA,NA,NA
10.93,"4756",32001,2016,1,NA,NA,NA,NA
12.38,"4761",32001,2016,1,NA,NA,NA,NA
7.11,"4776",32001,2016,1,NA,NA,NA,NA
16.43,"4781",32001,2016,1,NA,NA,NA,NA
2.25,"4786",32001,2016,1,NA,NA,NA,NA
12.12,"4791",32001,2016,1,NA,NA,NA,NA
3.58,"4801",32001,2016,1,NA,NA,NA,NA
12,"4806",32001,2016,1,NA,NA,NA,NA
13.73,"4811",32001,2016,1,NA,NA,NA,NA
24.13,"4816",32001,2016,1,NA,NA,NA,NA
17.66,"4821",32001,2016,1,NA,NA,NA,NA
5.44,"4826",32001,2016,1,NA,NA,NA,NA
8.74,"4831",32001,2016,1,NA,NA,NA,NA
13.14,"4841",32001,2016,1,NA,NA,NA,NA
7.69,"4846",32001,2016,1,NA,NA,NA,NA
6.54,"4851",32001,2016,1,NA,NA,NA,NA
8.78,"4864",32001,2016,1,NA,NA,NA,NA
11.81,"4871",32001,2016,1,NA,NA,NA,NA
14.46,"4881",32001,2016,1,NA,NA,NA,NA
13.14,"4891",32001,2016,1,NA,NA,NA,NA
12.29,"4901",32001,2016,1,NA,NA,NA,NA
11.71,"4911",32001,2016,1,NA,NA,NA,NA
18.88,"4921",32001,2016,1,NA,NA,NA,NA
9.96,"4941",32001,2016,1,NA,NA,NA,NA
15.48,"4946",32001,2016,1,NA,NA,NA,NA
17.13,"4951",32001,2016,1,NA,NA,NA,NA
21.39,"5001",32001,2016,1,NA,NA,NA,NA
164.22,"5002",32001,2016,1,NA,NA,NA,NA
8.38,"5003",32001,2016,1,NA,NA,NA,NA
12.83,"5009",32001,2016,1,NA,NA,NA,NA
10.09,"5010",32001,2016,1,NA,NA,NA,NA
6.55,"5017",32001,2016,1,NA,NA,NA,NA
61.78,"5048",32001,2016,1,NA,NA,NA,NA
202,"5049",32001,2016,1,NA,NA,NA,NA
96.8,"5050",32001,2016,1,NA,NA,NA,NA
94.35,"5061",32001,2016,1,NA,NA,NA,NA
75.19,"5063",32001,2016,1,NA,NA,NA,NA
6.48,"5064",32001,2016,1,NA,NA,NA,NA
14.55,"5071",32001,2016,1,NA,NA,NA,NA
132.6,"5072",32001,2016,1,NA,NA,NA,NA
19.52,"5073",32001,2016,1,NA,NA,NA,NA
38.89,"5076",32001,2016,1,NA,NA,NA,NA
5.99,"5077",32001,2016,1,NA,NA,NA,NA
16.82,"5078",32001,2016,1,NA,NA,NA,NA
75.21,"5079",32001,2016,1,NA,NA,NA,NA
4.95,"5091",32001,2016,1,NA,NA,NA,NA
3.82,"5096",32001,2016,1,NA,NA,NA,NA
17.8,"5097",32001,2016,1,NA,NA,NA,NA
6.94,"5108",32001,2016,1,NA,NA,NA,NA
58.17,"5112",32001,2016,1,NA,NA,NA,NA
18.69,"5113",32001,2016,1,NA,NA,NA,NA
9.26,"5115",32001,2016,1,NA,NA,NA,NA
12.17,"5117",32001,2016,1,NA,NA,NA,NA
5.86,"5118",32001,2016,1,NA,NA,NA,NA
0.59,"5120",32001,2016,1,NA,NA,NA,NA
1.94,"5121",32001,2016,1,NA,NA,NA,NA
5.01,"5125",32001,2016,1,NA,NA,NA,NA
3.69,"5131",32001,2016,1,NA,NA,NA,NA
105.38,"5136",32001,2016,1,NA,NA,NA,NA
35.82,"5138",32001,2016,1,NA,NA,NA,NA
2.5,"5141",32001,2016,1,NA,NA,NA,NA
2.59,"5143",32001,2016,1,NA,NA,NA,NA
8.48,"5144",32001,2016,1,NA,NA,NA,NA
3.81,"5146",32001,2016,1,NA,NA,NA,NA
1.87,"5148",32001,2016,1,NA,NA,NA,NA
2.57,"5149",32001,2016,1,NA,NA,NA,NA
6.41,"5151",32001,2016,1,NA,NA,NA,NA
1.86,"5154",32001,2016,1,NA,NA,NA,NA
4.15,"5160",32001,2016,1,NA,NA,NA,NA
3.96,"5161",32001,2016,1,NA,NA,NA,NA
0.76,"5162",32001,2016,1,NA,NA,NA,NA
1.28,"5167",32001,2016,1,NA,NA,NA,NA
2.84,"5171",32001,2016,1,NA,NA,NA,NA
2.06,"5176",32001,2016,1,NA,NA,NA,NA
4.39,"5178",32001,2016,1,NA,NA,NA,NA
1.06,"5180",32001,2016,1,NA,NA,NA,NA
2.75,"5181",32001,2016,1,NA,NA,NA,NA
0.61,"5186",32001,2016,1,NA,NA,NA,NA
0.71,"5187",32001,2016,1,NA,NA,NA,NA
1.86,"5189",32001,2016,1,NA,NA,NA,NA
75.93,"5192",32001,2016,1,NA,NA,NA,NA
1.1,"5193",32001,2016,1,NA,NA,NA,NA
2.37,"5194",32001,2016,1,NA,NA,NA,NA
1,"5195",32001,2016,1,NA,NA,NA,NA
0.74,"5196",32001,2016,1,NA,NA,NA,NA
4.57,"5197",32001,2016,1,NA,NA,NA,NA
1.68,"5198",32001,2016,1,NA,NA,NA,NA
11.13,"5199",32001,2016,1,NA,NA,NA,NA
5.1,"5200",32001,2016,1,NA,NA,NA,NA
3.36,"5202",32001,2016,1,NA,NA,NA,NA
2.79,"5203",32001,2016,1,NA,NA,NA,NA
1.56,"5205",32001,2016,1,NA,NA,NA,NA
0.89,"5206",32001,2016,1,NA,NA,NA,NA
4.34,"5207",32001,2016,1,NA,NA,NA,NA
2.08,"5208",32001,2016,1,NA,NA,NA,NA
0.89,"5210",32001,2016,1,NA,NA,NA,NA
6.17,"5212",32001,2016,1,NA,NA,NA,NA
0.42,"5213",32001,2016,1,NA,NA,NA,NA
1.56,"5214",32001,2016,1,NA,NA,NA,NA
3.04,"5216",32001,2016,1,NA,NA,NA,NA
5.6,"5219",32001,2016,1,NA,NA,NA,NA
0.74,"5221",32001,2016,1,NA,NA,NA,NA
2.88,"5222",32001,2016,1,NA,NA,NA,NA
0.85,"5225",32001,2016,1,NA,NA,NA,NA
36.38,"5226",32001,2016,1,NA,NA,NA,NA
5.25,"5227",32001,2016,1,NA,NA,NA,NA
1.51,"5230",32001,2016,1,NA,NA,NA,NA
1.39,"5231",32001,2016,1,NA,NA,NA,NA
1.97,"5233",32001,2016,1,NA,NA,NA,NA
6.15,"5236",32001,2016,1,NA,NA,NA,NA
22.06,"5237",32001,2016,1,NA,NA,NA,NA
36.08,"5238",32001,2016,1,NA,NA,NA,NA
2.53,"5242",32001,2016,1,NA,NA,NA,NA
11.82,"5249",32001,2016,1,NA,NA,NA,NA
5.35,"5250",32001,2016,1,NA,NA,NA,NA
2.46,"5251",32001,2016,1,NA,NA,NA,NA
31.77,"5254",32001,2016,1,NA,NA,NA,NA
2.26,"5257",32001,2016,1,NA,NA,NA,NA
5.23,"5260",32001,2016,1,NA,NA,NA,NA
6.08,"5263",32001,2016,1,NA,NA,NA,NA
6.15,"5266",32001,2016,1,NA,NA,NA,NA
1.64,"5268",32001,2016,1,NA,NA,NA,NA
25.5,"5269",32001,2016,1,NA,NA,NA,NA
59,"5281",32001,2016,1,NA,NA,NA,NA
86.58,"5287",32001,2016,1,NA,NA,NA,NA
22.01,"5304",32001,2016,1,NA,NA,NA,NA
43.31,"5307",32001,2016,1,NA,NA,NA,NA
20.1,"5309",32001,2016,1,NA,NA,NA,NA
151.3,"5310",32001,2016,1,NA,NA,NA,NA
6.66,"5315",32001,2016,1,NA,NA,NA,NA
111.15,"5317",32001,2016,1,NA,NA,NA,NA
187.53,"5323",32001,2016,1,NA,NA,NA,NA
27.32,"5324",32001,2016,1,NA,NA,NA,NA
11.59,"5396",32001,2016,1,NA,NA,NA,NA
53.5,"5397",32001,2016,1,NA,NA,NA,NA
51.8,"5398",32001,2016,1,NA,NA,NA,NA
143.59,"5399",32001,2016,1,NA,NA,NA,NA
16.41,"5401",32001,2016,1,NA,NA,NA,NA
96.57,"5402",32001,2016,1,NA,NA,NA,NA
3.55,"5403",32001,2016,1,NA,NA,NA,NA
22,"5404",32001,2016,1,NA,NA,NA,NA
15.22,"5405",32001,2016,1,NA,NA,NA,NA
14.2,"5406",32001,2016,1,NA,NA,NA,NA
18.57,"5407",32001,2016,1,NA,NA,NA,NA
10.39,"5408",32001,2016,1,NA,NA,NA,NA
59.55,"5409",32001,2016,1,NA,NA,NA,NA
64.11,"5410",32001,2016,1,NA,NA,NA,NA
61.59,"5411",32001,2016,1,NA,NA,NA,NA
2.19,"5412",32001,2016,1,NA,NA,NA,NA
6.45,"5413",32001,2016,1,NA,NA,NA,NA
31.98,"5414",32001,2016,1,NA,NA,NA,NA
12.2,"5415",32001,2016,1,NA,NA,NA,NA
12.88,"5421",32001,2016,1,NA,NA,NA,NA
14.34,"5422",32001,2016,1,NA,NA,NA,NA
8.45,"5423",32001,2016,1,NA,NA,NA,NA
9.61,"5424",32001,2016,1,NA,NA,NA,NA
25.06,"5425",32001,2016,1,NA,NA,NA,NA
1.77,"5426",32001,2016,1,NA,NA,NA,NA
2.7,"5427",32001,2016,1,NA,NA,NA,NA
18.88,"5428",32001,2016,1,NA,NA,NA,NA
9.45,"5429",32001,2016,1,NA,NA,NA,NA
11.98,"5430",32001,2016,1,NA,NA,NA,NA
10.99,"5431",32001,2016,1,NA,NA,NA,NA
12.32,"5434",32001,2016,1,NA,NA,NA,NA
8.12,"5435",32001,2016,1,NA,NA,NA,NA
3.06,"5436",32001,2016,1,NA,NA,NA,NA
3.71,"5437",32001,2016,1,NA,NA,NA,NA
19.47,"5451",32001,2016,1,NA,NA,NA,NA
15.51,"5456",32001,2016,1,NA,NA,NA,NA
3.48,"5458",32001,2016,1,NA,NA,NA,NA
20.92,"5464",32001,2016,1,NA,NA,NA,NA
3.74,"5471",32001,2016,1,NA,NA,NA,NA
3.91,"5472",32001,2016,1,NA,NA,NA,NA
3.16,"5473",32001,2016,1,NA,NA,NA,NA
6.74,"5474",32001,2016,1,NA,NA,NA,NA
2.64,"5475",32001,2016,1,NA,NA,NA,NA
3.89,"5476",32001,2016,1,NA,NA,NA,NA
8.28,"5477",32001,2016,1,NA,NA,NA,NA
2.35,"5478",32001,2016,1,NA,NA,NA,NA
7.13,"5479",32001,2016,1,NA,NA,NA,NA
5.52,"5480",32001,2016,1,NA,NA,NA,NA
3.04,"5481",32001,2016,1,NA,NA,NA,NA
5.8,"5482",32001,2016,1,NA,NA,NA,NA
3.16,"5483",32001,2016,1,NA,NA,NA,NA
5.45,"5484",32001,2016,1,NA,NA,NA,NA
5.67,"5485",32001,2016,1,NA,NA,NA,NA
16.22,"5486",32001,2016,1,NA,NA,NA,NA
3.74,"5487",32001,2016,1,NA,NA,NA,NA
0.5,"5488",32001,2016,1,NA,NA,NA,NA
2.83,"5489",32001,2016,1,NA,NA,NA,NA
6.66,"5490",32001,2016,1,NA,NA,NA,NA
19.79,"5491",32001,2016,1,NA,NA,NA,NA
26.02,"5492",32001,2016,1,NA,NA,NA,NA
5.55,"5493",32001,2016,1,NA,NA,NA,NA
11.09,"5494",32001,2016,1,NA,NA,NA,NA
3.87,"5495",32001,2016,1,NA,NA,NA,NA
3.84,"5496",32001,2016,1,NA,NA,NA,NA
4.44,"5497",32001,2016,1,NA,NA,NA,NA
7.7,"5498",32001,2016,1,NA,NA,NA,NA
3.97,"5499",32001,2016,1,NA,NA,NA,NA
2.38,"5500",32001,2016,1,NA,NA,NA,NA
3.91,"5501",32001,2016,1,NA,NA,NA,NA
5.38,"5503",32001,2016,1,NA,NA,NA,NA
5.34,"5511",32001,2016,1,NA,NA,NA,NA
4.27,"5512",32001,2016,1,NA,NA,NA,NA
3.12,"5513",32001,2016,1,NA,NA,NA,NA
6.88,"5514",32001,2016,1,NA,NA,NA,NA
2.87,"5515",32001,2016,1,NA,NA,NA,NA
2.91,"5516",32001,2016,1,NA,NA,NA,NA
6.66,"5518",32001,2016,1,NA,NA,NA,NA
9.75,"5520",32001,2016,1,NA,NA,NA,NA
3.78,"5521",32001,2016,1,NA,NA,NA,NA
7.34,"5522",32001,2016,1,NA,NA,NA,NA
7.08,"5523",32001,2016,1,NA,NA,NA,NA
3.67,"5527",32001,2016,1,NA,NA,NA,NA
5.87,"5529",32001,2016,1,NA,NA,NA,NA
5.77,"5530",32001,2016,1,NA,NA,NA,NA
5.68,"5531",32001,2016,1,NA,NA,NA,NA
5.01,"5533",32001,2016,1,NA,NA,NA,NA
2,"5534",32001,2016,1,NA,NA,NA,NA
4.12,"5535",32001,2016,1,NA,NA,NA,NA
7.09,"5537",32001,2016,1,NA,NA,NA,NA
8.97,"5539",32001,2016,1,NA,NA,NA,NA
11.86,"5540",32001,2016,1,NA,NA,NA,NA
10.69,"5541",32001,2016,1,NA,NA,NA,NA
7.52,"5551",32001,2016,1,NA,NA,NA,NA
16.82,"5552",32001,2016,1,NA,NA,NA,NA
3.92,"5553",32001,2016,1,NA,NA,NA,NA
11.37,"5554",32001,2016,1,NA,NA,NA,NA
4.06,"5555",32001,2016,1,NA,NA,NA,NA
6.83,"5556",32001,2016,1,NA,NA,NA,NA
7.86,"5557",32001,2016,1,NA,NA,NA,NA
4.76,"5559",32001,2016,1,NA,NA,NA,NA
3.44,"5560",32001,2016,1,NA,NA,NA,NA
7.85,"5561",32001,2016,1,NA,NA,NA,NA
5.52,"5562",32001,2016,1,NA,NA,NA,NA
3.23,"5563",32001,2016,1,NA,NA,NA,NA
2.06,"5564",32001,2016,1,NA,NA,NA,NA
5.14,"5565",32001,2016,1,NA,NA,NA,NA
31.86,"5566",32001,2016,1,NA,NA,NA,NA
39.47,"5568",32001,2016,1,NA,NA,NA,NA
14.28,"5571",32001,2016,1,NA,NA,NA,NA
2.65,"5581",32001,2016,1,NA,NA,NA,NA
4.58,"5582",32001,2016,1,NA,NA,NA,NA
5.5,"5583",32001,2016,1,NA,NA,NA,NA
4.58,"5584",32001,2016,1,NA,NA,NA,NA
1.93,"5585",32001,2016,1,NA,NA,NA,NA
41.38,"5586",32001,2016,1,NA,NA,NA,NA
9.8,"5587",32001,2016,1,NA,NA,NA,NA
0.49,"5588",32001,2016,1,NA,NA,NA,NA
2.2,"5589",32001,2016,1,NA,NA,NA,NA
5.86,"5590",32001,2016,1,NA,NA,NA,NA
2.95,"5591",32001,2016,1,NA,NA,NA,NA
2.88,"5592",32001,2016,1,NA,NA,NA,NA
2.15,"5601",32001,2016,1,NA,NA,NA,NA
18.51,"5604",32001,2016,1,NA,NA,NA,NA
8.46,"5606",32001,2016,1,NA,NA,NA,NA
22.86,"5607",32001,2016,1,NA,NA,NA,NA
0.31,"5609",32001,2016,1,NA,NA,NA,NA
0.89,"5610",32001,2016,1,NA,NA,NA,NA
16.01,"5611",32001,2016,1,NA,NA,NA,NA
9.65,"5613",32001,2016,1,NA,NA,NA,NA
3.9,"5621",32001,2016,1,NA,NA,NA,NA
2.91,"5622",32001,2016,1,NA,NA,NA,NA
2.1,"5623",32001,2016,1,NA,NA,NA,NA
4.81,"5624",32001,2016,1,NA,NA,NA,NA
3.07,"5625",32001,2016,1,NA,NA,NA,NA
1.65,"5627",32001,2016,1,NA,NA,NA,NA
0.89,"5628",32001,2016,1,NA,NA,NA,NA
1.02,"5629",32001,2016,1,NA,NA,NA,NA
3.3,"5631",32001,2016,1,NA,NA,NA,NA
1.66,"5632",32001,2016,1,NA,NA,NA,NA
3.88,"5633",32001,2016,1,NA,NA,NA,NA
13.27,"5634",32001,2016,1,NA,NA,NA,NA
5.72,"5635",32001,2016,1,NA,NA,NA,NA
4.92,"5636",32001,2016,1,NA,NA,NA,NA
4,"5637",32001,2016,1,NA,NA,NA,NA
3.72,"5638",32001,2016,1,NA,NA,NA,NA
2.05,"5639",32001,2016,1,NA,NA,NA,NA
2.34,"5640",32001,2016,1,NA,NA,NA,NA
3.83,"5642",32001,2016,1,NA,NA,NA,NA
1.87,"5643",32001,2016,1,NA,NA,NA,NA
1.18,"5644",32001,2016,1,NA,NA,NA,NA
1.76,"5645",32001,2016,1,NA,NA,NA,NA
5.54,"5646",32001,2016,1,NA,NA,NA,NA
1.86,"5648",32001,2016,1,NA,NA,NA,NA
1.59,"5649",32001,2016,1,NA,NA,NA,NA
2.1,"5650",32001,2016,1,NA,NA,NA,NA
1.65,"5651",32001,2016,1,NA,NA,NA,NA
3.04,"5652",32001,2016,1,NA,NA,NA,NA
2.14,"5653",32001,2016,1,NA,NA,NA,NA
6.84,"5654",32001,2016,1,NA,NA,NA,NA
9.51,"5655",32001,2016,1,NA,NA,NA,NA
3.42,"5661",32001,2016,1,NA,NA,NA,NA
3.12,"5663",32001,2016,1,NA,NA,NA,NA
5.15,"5665",32001,2016,1,NA,NA,NA,NA
4.96,"5669",32001,2016,1,NA,NA,NA,NA
3.21,"5671",32001,2016,1,NA,NA,NA,NA
4.77,"5673",32001,2016,1,NA,NA,NA,NA
3.47,"5674",32001,2016,1,NA,NA,NA,NA
19.27,"5675",32001,2016,1,NA,NA,NA,NA
15.65,"5678",32001,2016,1,NA,NA,NA,NA
3.4,"5680",32001,2016,1,NA,NA,NA,NA
1.84,"5683",32001,2016,1,NA,NA,NA,NA
1.08,"5684",32001,2016,1,NA,NA,NA,NA
2.52,"5688",32001,2016,1,NA,NA,NA,NA
4.2,"5690",32001,2016,1,NA,NA,NA,NA
3.28,"5692",32001,2016,1,NA,NA,NA,NA
33.5,"5693",32001,2016,1,NA,NA,NA,NA
2.04,"5701",32001,2016,1,NA,NA,NA,NA
51.9,"5702",32001,2016,1,NA,NA,NA,NA
20.77,"5703",32001,2016,1,NA,NA,NA,NA
4.79,"5704",32001,2016,1,NA,NA,NA,NA
2.45,"5705",32001,2016,1,NA,NA,NA,NA
1.99,"5706",32001,2016,1,NA,NA,NA,NA
2.86,"5707",32001,2016,1,NA,NA,NA,NA
2.12,"5708",32001,2016,1,NA,NA,NA,NA
10.58,"5709",32001,2016,1,NA,NA,NA,NA
2.91,"5710",32001,2016,1,NA,NA,NA,NA
6.53,"5711",32001,2016,1,NA,NA,NA,NA
1.87,"5712",32001,2016,1,NA,NA,NA,NA
4.31,"5713",32001,2016,1,NA,NA,NA,NA
2.03,"5714",32001,2016,1,NA,NA,NA,NA
4.11,"5715",32001,2016,1,NA,NA,NA,NA
2.38,"5716",32001,2016,1,NA,NA,NA,NA
4.79,"5717",32001,2016,1,NA,NA,NA,NA
4.86,"5718",32001,2016,1,NA,NA,NA,NA
12.56,"5719",32001,2016,1,NA,NA,NA,NA
3.96,"5720",32001,2016,1,NA,NA,NA,NA
8.32,"5721",32001,2016,1,NA,NA,NA,NA
2.55,"5722",32001,2016,1,NA,NA,NA,NA
3.45,"5723",32001,2016,1,NA,NA,NA,NA
6.8,"5724",32001,2016,1,NA,NA,NA,NA
6.07,"5725",32001,2016,1,NA,NA,NA,NA
16.59,"5726",32001,2016,1,NA,NA,NA,NA
24.28,"5727",32001,2016,1,NA,NA,NA,NA
1.94,"5728",32001,2016,1,NA,NA,NA,NA
1.81,"5729",32001,2016,1,NA,NA,NA,NA
5.77,"5730",32001,2016,1,NA,NA,NA,NA
3.11,"5731",32001,2016,1,NA,NA,NA,NA
1.55,"5732",32001,2016,1,NA,NA,NA,NA
5.79,"5741",32001,2016,1,NA,NA,NA,NA
5.46,"5742",32001,2016,1,NA,NA,NA,NA
7.62,"5743",32001,2016,1,NA,NA,NA,NA
9.06,"5744",32001,2016,1,NA,NA,NA,NA
22.5,"5745",32001,2016,1,NA,NA,NA,NA
9.35,"5746",32001,2016,1,NA,NA,NA,NA
4.21,"5747",32001,2016,1,NA,NA,NA,NA
5.45,"5748",32001,2016,1,NA,NA,NA,NA
19.29,"5749",32001,2016,1,NA,NA,NA,NA
7.04,"5750",32001,2016,1,NA,NA,NA,NA
4.48,"5752",32001,2016,1,NA,NA,NA,NA
9.35,"5754",32001,2016,1,NA,NA,NA,NA
10.64,"5755",32001,2016,1,NA,NA,NA,NA
3.07,"5756",32001,2016,1,NA,NA,NA,NA
12.05,"5757",32001,2016,1,NA,NA,NA,NA
5.12,"5758",32001,2016,1,NA,NA,NA,NA
6.12,"5759",32001,2016,1,NA,NA,NA,NA
9.83,"5760",32001,2016,1,NA,NA,NA,NA
6.98,"5761",32001,2016,1,NA,NA,NA,NA
1.46,"5762",32001,2016,1,NA,NA,NA,NA
6.34,"5763",32001,2016,1,NA,NA,NA,NA
23.19,"5764",32001,2016,1,NA,NA,NA,NA
13.15,"5765",32001,2016,1,NA,NA,NA,NA
5.06,"5766",32001,2016,1,NA,NA,NA,NA
7.94,"5785",32001,2016,1,NA,NA,NA,NA
1.66,"5788",32001,2016,1,NA,NA,NA,NA
4.38,"5790",32001,2016,1,NA,NA,NA,NA
4.12,"5792",32001,2016,1,NA,NA,NA,NA
4.81,"5798",32001,2016,1,NA,NA,NA,NA
6.32,"5799",32001,2016,1,NA,NA,NA,NA
6.63,"5803",32001,2016,1,NA,NA,NA,NA
17.65,"5804",32001,2016,1,NA,NA,NA,NA
24.62,"5805",32001,2016,1,NA,NA,NA,NA
11.08,"5806",32001,2016,1,NA,NA,NA,NA
3.05,"5812",32001,2016,1,NA,NA,NA,NA
3.4,"5813",32001,2016,1,NA,NA,NA,NA
12.12,"5816",32001,2016,1,NA,NA,NA,NA
10.2,"5817",32001,2016,1,NA,NA,NA,NA
2.61,"5819",32001,2016,1,NA,NA,NA,NA
3.11,"5821",32001,2016,1,NA,NA,NA,NA
24.18,"5822",32001,2016,1,NA,NA,NA,NA
3.79,"5827",32001,2016,1,NA,NA,NA,NA
3.07,"5828",32001,2016,1,NA,NA,NA,NA
7.66,"5830",32001,2016,1,NA,NA,NA,NA
33.55,"5831",32001,2016,1,NA,NA,NA,NA
113.66,"5841",32001,2016,1,NA,NA,NA,NA
23.36,"5842",32001,2016,1,NA,NA,NA,NA
48.54,"5843",32001,2016,1,NA,NA,NA,NA
2.6,"5851",32001,2016,1,NA,NA,NA,NA
1.78,"5852",32001,2016,1,NA,NA,NA,NA
3.37,"5853",32001,2016,1,NA,NA,NA,NA
5.68,"5854",32001,2016,1,NA,NA,NA,NA
1.65,"5855",32001,2016,1,NA,NA,NA,NA
6.95,"5856",32001,2016,1,NA,NA,NA,NA
7.76,"5857",32001,2016,1,NA,NA,NA,NA
2.67,"5858",32001,2016,1,NA,NA,NA,NA
3.86,"5859",32001,2016,1,NA,NA,NA,NA
2.91,"5860",32001,2016,1,NA,NA,NA,NA
2.74,"5861",32001,2016,1,NA,NA,NA,NA
1.09,"5862",32001,2016,1,NA,NA,NA,NA
1.1,"5863",32001,2016,1,NA,NA,NA,NA
31.88,"5871",32001,2016,1,NA,NA,NA,NA
99.19,"5872",32001,2016,1,NA,NA,NA,NA
32.54,"5873",32001,2016,1,NA,NA,NA,NA
16.07,"5881",32001,2016,1,NA,NA,NA,NA
10.34,"5882",32001,2016,1,NA,NA,NA,NA
1.07,"5883",32001,2016,1,NA,NA,NA,NA
6.74,"5884",32001,2016,1,NA,NA,NA,NA
2.16,"5885",32001,2016,1,NA,NA,NA,NA
33.41,"5886",32001,2016,1,NA,NA,NA,NA
15.17,"5888",32001,2016,1,NA,NA,NA,NA
3.26,"5889",32001,2016,1,NA,NA,NA,NA
2.4,"5890",32001,2016,1,NA,NA,NA,NA
6.77,"5891",32001,2016,1,NA,NA,NA,NA
6.46,"5902",32001,2016,1,NA,NA,NA,NA
4.29,"5903",32001,2016,1,NA,NA,NA,NA
2.86,"5904",32001,2016,1,NA,NA,NA,NA
9.03,"5905",32001,2016,1,NA,NA,NA,NA
4,"5907",32001,2016,1,NA,NA,NA,NA
2.11,"5908",32001,2016,1,NA,NA,NA,NA
5.9,"5909",32001,2016,1,NA,NA,NA,NA
6.57,"5910",32001,2016,1,NA,NA,NA,NA
4.56,"5911",32001,2016,1,NA,NA,NA,NA
4.28,"5912",32001,2016,1,NA,NA,NA,NA
9.01,"5913",32001,2016,1,NA,NA,NA,NA
4.81,"5914",32001,2016,1,NA,NA,NA,NA
6.59,"5919",32001,2016,1,NA,NA,NA,NA
5.49,"5921",32001,2016,1,NA,NA,NA,NA
3.52,"5922",32001,2016,1,NA,NA,NA,NA
3.6,"5923",32001,2016,1,NA,NA,NA,NA
4.02,"5924",32001,2016,1,NA,NA,NA,NA
4.2,"5925",32001,2016,1,NA,NA,NA,NA
5.63,"5926",32001,2016,1,NA,NA,NA,NA
3.2,"5928",32001,2016,1,NA,NA,NA,NA
6.64,"5929",32001,2016,1,NA,NA,NA,NA
4.16,"5930",32001,2016,1,NA,NA,NA,NA
2.08,"5931",32001,2016,1,NA,NA,NA,NA
3.36,"5932",32001,2016,1,NA,NA,NA,NA
2.28,"5933",32001,2016,1,NA,NA,NA,NA
2.87,"5934",32001,2016,1,NA,NA,NA,NA
0.86,"5935",32001,2016,1,NA,NA,NA,NA
3.07,"5937",32001,2016,1,NA,NA,NA,NA
13.54,"5938",32001,2016,1,NA,NA,NA,NA
13.4,"5939",32001,2016,1,NA,NA,NA,NA
37.67,"6002",32001,2016,1,NA,NA,NA,NA
6.04,"6004",32001,2016,1,NA,NA,NA,NA
147.22,"6007",32001,2016,1,NA,NA,NA,NA
47.57,"6008",32001,2016,1,NA,NA,NA,NA
91.01,"6009",32001,2016,1,NA,NA,NA,NA
18.65,"6010",32001,2016,1,NA,NA,NA,NA
86.03,"6011",32001,2016,1,NA,NA,NA,NA
20.39,"6021",32001,2016,1,NA,NA,NA,NA
32.47,"6022",32001,2016,1,NA,NA,NA,NA
84.94,"6023",32001,2016,1,NA,NA,NA,NA
85.96,"6024",32001,2016,1,NA,NA,NA,NA
10.44,"6025",32001,2016,1,NA,NA,NA,NA
89.81,"6032",32001,2016,1,NA,NA,NA,NA
58.64,"6033",32001,2016,1,NA,NA,NA,NA
164.93,"6034",32001,2016,1,NA,NA,NA,NA
17.68,"6035",32001,2016,1,NA,NA,NA,NA
301.89,"6037",32001,2016,1,NA,NA,NA,NA
13.96,"6052",32001,2016,1,NA,NA,NA,NA
65.09,"6054",32001,2016,1,NA,NA,NA,NA
35.37,"6056",32001,2016,1,NA,NA,NA,NA
11.04,"6057",32001,2016,1,NA,NA,NA,NA
172.86,"6058",32001,2016,1,NA,NA,NA,NA
5.42,"6061",32001,2016,1,NA,NA,NA,NA
155.89,"6076",32001,2016,1,NA,NA,NA,NA
128.9,"6077",32001,2016,1,NA,NA,NA,NA
55.14,"6082",32001,2016,1,NA,NA,NA,NA
209.83,"6083",32001,2016,1,NA,NA,NA,NA
107.46,"6084",32001,2016,1,NA,NA,NA,NA
37,"6087",32001,2016,1,NA,NA,NA,NA
13.05,"6089",32001,2016,1,NA,NA,NA,NA
43.87,"6090",32001,2016,1,NA,NA,NA,NA
7.65,"6101",32001,2016,1,NA,NA,NA,NA
15.56,"6102",32001,2016,1,NA,NA,NA,NA
29.53,"6104",32001,2016,1,NA,NA,NA,NA
9.74,"6109",32001,2016,1,NA,NA,NA,NA
55.15,"6110",32001,2016,1,NA,NA,NA,NA
67.32,"6111",32001,2016,1,NA,NA,NA,NA
50.26,"6112",32001,2016,1,NA,NA,NA,NA
11.36,"6113",32001,2016,1,NA,NA,NA,NA
12.81,"6116",32001,2016,1,NA,NA,NA,NA
10.43,"6117",32001,2016,1,NA,NA,NA,NA
23.04,"6118",32001,2016,1,NA,NA,NA,NA
42.42,"6119",32001,2016,1,NA,NA,NA,NA
13.07,"6131",32001,2016,1,NA,NA,NA,NA
37.8,"6133",32001,2016,1,NA,NA,NA,NA
15.25,"6134",32001,2016,1,NA,NA,NA,NA
26.83,"6135",32001,2016,1,NA,NA,NA,NA
32.59,"6136",32001,2016,1,NA,NA,NA,NA
37.41,"6137",32001,2016,1,NA,NA,NA,NA
23.9,"6139",32001,2016,1,NA,NA,NA,NA
13.74,"6140",32001,2016,1,NA,NA,NA,NA
23.22,"6141",32001,2016,1,NA,NA,NA,NA
39.56,"6142",32001,2016,1,NA,NA,NA,NA
38.85,"6151",32001,2016,1,NA,NA,NA,NA
29.75,"6152",32001,2016,1,NA,NA,NA,NA
28.7,"6153",32001,2016,1,NA,NA,NA,NA
14.35,"6154",32001,2016,1,NA,NA,NA,NA
14.45,"6155",32001,2016,1,NA,NA,NA,NA
36.96,"6156",32001,2016,1,NA,NA,NA,NA
39.26,"6157",32001,2016,1,NA,NA,NA,NA
20.95,"6158",32001,2016,1,NA,NA,NA,NA
33.51,"6159",32001,2016,1,NA,NA,NA,NA
5.81,"6172",32001,2016,1,NA,NA,NA,NA
5.79,"6173",32001,2016,1,NA,NA,NA,NA
58.52,"6177",32001,2016,1,NA,NA,NA,NA
19.09,"6181",32001,2016,1,NA,NA,NA,NA
15.01,"6191",32001,2016,1,NA,NA,NA,NA
90.51,"6192",32001,2016,1,NA,NA,NA,NA
13.44,"6193",32001,2016,1,NA,NA,NA,NA
14.09,"6194",32001,2016,1,NA,NA,NA,NA
27.92,"6195",32001,2016,1,NA,NA,NA,NA
11.68,"6197",32001,2016,1,NA,NA,NA,NA
17.63,"6198",32001,2016,1,NA,NA,NA,NA
30.35,"6199",32001,2016,1,NA,NA,NA,NA
22.09,"6201",32001,2016,1,NA,NA,NA,NA
14.86,"6202",32001,2016,1,NA,NA,NA,NA
8.55,"6203",32001,2016,1,NA,NA,NA,NA
14.03,"6204",32001,2016,1,NA,NA,NA,NA
28.79,"6205",32001,2016,1,NA,NA,NA,NA
12.21,"6211",32001,2016,1,NA,NA,NA,NA
12.58,"6212",32001,2016,1,NA,NA,NA,NA
48.08,"6213",32001,2016,1,NA,NA,NA,NA
22.82,"6214",32001,2016,1,NA,NA,NA,NA
6.63,"6215",32001,2016,1,NA,NA,NA,NA
14.92,"6217",32001,2016,1,NA,NA,NA,NA
53.46,"6218",32001,2016,1,NA,NA,NA,NA
5.59,"6219",32001,2016,1,NA,NA,NA,NA
14.29,"6220",32001,2016,1,NA,NA,NA,NA
24.34,"6232",32001,2016,1,NA,NA,NA,NA
1.97,"6235",32001,2016,1,NA,NA,NA,NA
20.3,"6238",32001,2016,1,NA,NA,NA,NA
24.83,"6239",32001,2016,1,NA,NA,NA,NA
13.98,"6240",32001,2016,1,NA,NA,NA,NA
3.89,"6246",32001,2016,1,NA,NA,NA,NA
19.13,"6248",32001,2016,1,NA,NA,NA,NA
243.37,"6252",32001,2016,1,NA,NA,NA,NA
59.65,"6253",32001,2016,1,NA,NA,NA,NA
6.5,"6254",32001,2016,1,NA,NA,NA,NA
19.23,"6261",32001,2016,1,NA,NA,NA,NA
4.45,"6263",32001,2016,1,NA,NA,NA,NA
70.98,"6265",32001,2016,1,NA,NA,NA,NA
34.87,"6266",32001,2016,1,NA,NA,NA,NA
1.14,"6267",32001,2016,1,NA,NA,NA,NA
31.34,"6281",32001,2016,1,NA,NA,NA,NA
38,"6282",32001,2016,1,NA,NA,NA,NA
13.39,"6283",32001,2016,1,NA,NA,NA,NA
14.26,"6285",32001,2016,1,NA,NA,NA,NA
1.3,"6286",32001,2016,1,NA,NA,NA,NA
54.53,"6287",32001,2016,1,NA,NA,NA,NA
110.43,"6288",32001,2016,1,NA,NA,NA,NA
30.24,"6289",32001,2016,1,NA,NA,NA,NA
40.32,"6290",32001,2016,1,NA,NA,NA,NA
24.78,"6291",32001,2016,1,NA,NA,NA,NA
89.24,"6292",32001,2016,1,NA,NA,NA,NA
10.51,"6293",32001,2016,1,NA,NA,NA,NA
14.28,"6294",32001,2016,1,NA,NA,NA,NA
58.72,"6295",32001,2016,1,NA,NA,NA,NA
17.55,"6296",32001,2016,1,NA,NA,NA,NA
13.2,"6297",32001,2016,1,NA,NA,NA,NA
51.63,"6298",32001,2016,1,NA,NA,NA,NA
7.57,"6299",32001,2016,1,NA,NA,NA,NA
242.91,"6300",32001,2016,1,NA,NA,NA,NA
16.76,"6404",32001,2016,1,NA,NA,NA,NA
3.68,"6408",32001,2016,1,NA,NA,NA,NA
25.85,"6413",32001,2016,1,NA,NA,NA,NA
8.78,"6416",32001,2016,1,NA,NA,NA,NA
42.13,"6417",32001,2016,1,NA,NA,NA,NA
55.72,"6421",32001,2016,1,NA,NA,NA,NA
11.73,"6422",32001,2016,1,NA,NA,NA,NA
25.55,"6423",32001,2016,1,NA,NA,NA,NA
41.81,"6432",32001,2016,1,NA,NA,NA,NA
16.09,"6433",32001,2016,1,NA,NA,NA,NA
15.7,"6434",32001,2016,1,NA,NA,NA,NA
17.31,"6435",32001,2016,1,NA,NA,NA,NA
34.66,"6436",32001,2016,1,NA,NA,NA,NA
18.17,"6437",32001,2016,1,NA,NA,NA,NA
4.73,"6451",32001,2016,1,NA,NA,NA,NA
8.57,"6452",32001,2016,1,NA,NA,NA,NA
9.58,"6453",32001,2016,1,NA,NA,NA,NA
2.13,"6454",32001,2016,1,NA,NA,NA,NA
10.28,"6455",32001,2016,1,NA,NA,NA,NA
12.52,"6456",32001,2016,1,NA,NA,NA,NA
30.07,"6458",32001,2016,1,NA,NA,NA,NA
8.86,"6459",32001,2016,1,NA,NA,NA,NA
5.29,"6461",32001,2016,1,NA,NA,NA,NA
124.31,"6487",32001,2016,1,NA,NA,NA,NA
12.83,"6504",32001,2016,1,NA,NA,NA,NA
28.87,"6511",32001,2016,1,NA,NA,NA,NA
124.74,"6512",32001,2016,1,NA,NA,NA,NA
2.93,"6601",32001,2016,1,NA,NA,NA,NA
3.87,"6602",32001,2016,1,NA,NA,NA,NA
4.62,"6603",32001,2016,1,NA,NA,NA,NA
5.17,"6604",32001,2016,1,NA,NA,NA,NA
5,"6605",32001,2016,1,NA,NA,NA,NA
4.36,"6606",32001,2016,1,NA,NA,NA,NA
12.95,"6607",32001,2016,1,NA,NA,NA,NA
2.7,"6608",32001,2016,1,NA,NA,NA,NA
4.38,"6609",32001,2016,1,NA,NA,NA,NA
4.65,"6610",32001,2016,1,NA,NA,NA,NA
5.38,"6611",32001,2016,1,NA,NA,NA,NA
4.14,"6612",32001,2016,1,NA,NA,NA,NA
1.28,"6613",32001,2016,1,NA,NA,NA,NA
3.91,"6614",32001,2016,1,NA,NA,NA,NA
6.89,"6615",32001,2016,1,NA,NA,NA,NA
6.12,"6616",32001,2016,1,NA,NA,NA,NA
3.66,"6617",32001,2016,1,NA,NA,NA,NA
2.77,"6618",32001,2016,1,NA,NA,NA,NA
2.74,"6619",32001,2016,1,NA,NA,NA,NA
8.6,"6620",32001,2016,1,NA,NA,NA,NA
15.92,"6621",32001,2016,1,NA,NA,NA,NA
2.87,"6622",32001,2016,1,NA,NA,NA,NA
4.38,"6623",32001,2016,1,NA,NA,NA,NA
3.29,"6624",32001,2016,1,NA,NA,NA,NA
1.44,"6625",32001,2016,1,NA,NA,NA,NA
11.35,"6626",32001,2016,1,NA,NA,NA,NA
3.83,"6627",32001,2016,1,NA,NA,NA,NA
4.77,"6628",32001,2016,1,NA,NA,NA,NA
6.95,"6629",32001,2016,1,NA,NA,NA,NA
9.94,"6630",32001,2016,1,NA,NA,NA,NA
2.82,"6631",32001,2016,1,NA,NA,NA,NA
2.54,"6632",32001,2016,1,NA,NA,NA,NA
5.85,"6633",32001,2016,1,NA,NA,NA,NA
3.24,"6634",32001,2016,1,NA,NA,NA,NA
4.71,"6635",32001,2016,1,NA,NA,NA,NA
2.67,"6636",32001,2016,1,NA,NA,NA,NA
4.91,"6637",32001,2016,1,NA,NA,NA,NA
18.92,"6638",32001,2016,1,NA,NA,NA,NA
2.94,"6639",32001,2016,1,NA,NA,NA,NA
3.82,"6640",32001,2016,1,NA,NA,NA,NA
3.43,"6641",32001,2016,1,NA,NA,NA,NA
4.42,"6642",32001,2016,1,NA,NA,NA,NA
7.69,"6643",32001,2016,1,NA,NA,NA,NA
10.5,"6644",32001,2016,1,NA,NA,NA,NA
6.5,"6645",32001,2016,1,NA,NA,NA,NA
12.35,"6702",32001,2016,1,NA,NA,NA,NA
13.55,"6703",32001,2016,1,NA,NA,NA,NA
5.31,"6704",32001,2016,1,NA,NA,NA,NA
6.39,"6706",32001,2016,1,NA,NA,NA,NA
21.55,"6708",32001,2016,1,NA,NA,NA,NA
19.74,"6709",32001,2016,1,NA,NA,NA,NA
13.55,"6710",32001,2016,1,NA,NA,NA,NA
21.97,"6711",32001,2016,1,NA,NA,NA,NA
12.47,"6712",32001,2016,1,NA,NA,NA,NA
3.31,"6713",32001,2016,1,NA,NA,NA,NA
9.74,"6715",32001,2016,1,NA,NA,NA,NA
2.34,"6716",32001,2016,1,NA,NA,NA,NA
8.08,"6718",32001,2016,1,NA,NA,NA,NA
17.84,"6719",32001,2016,1,NA,NA,NA,NA
1.89,"6721",32001,2016,1,NA,NA,NA,NA
7.86,"6722",32001,2016,1,NA,NA,NA,NA
7.51,"6724",32001,2016,1,NA,NA,NA,NA
71.04,"6729",32001,2016,1,NA,NA,NA,NA
46.69,"6730",32001,2016,1,NA,NA,NA,NA
11.68,"6741",32001,2016,1,NA,NA,NA,NA
24.71,"6742",32001,2016,1,NA,NA,NA,NA
10.82,"6743",32001,2016,1,NA,NA,NA,NA
4.05,"6744",32001,2016,1,NA,NA,NA,NA
7.12,"6745",32001,2016,1,NA,NA,NA,NA
13.63,"6748",32001,2016,1,NA,NA,NA,NA
12.38,"6750",32001,2016,1,NA,NA,NA,NA
18.25,"6751",32001,2016,1,NA,NA,NA,NA
16.88,"6753",32001,2016,1,NA,NA,NA,NA
20.39,"6754",32001,2016,1,NA,NA,NA,NA
31.67,"6757",32001,2016,1,NA,NA,NA,NA
15.16,"6758",32001,2016,1,NA,NA,NA,NA
13.49,"6759",32001,2016,1,NA,NA,NA,NA
10.6,"6771",32001,2016,1,NA,NA,NA,NA
5.09,"6773",32001,2016,1,NA,NA,NA,NA
9.01,"6774",32001,2016,1,NA,NA,NA,NA
13.58,"6775",32001,2016,1,NA,NA,NA,NA
13.69,"6778",32001,2016,1,NA,NA,NA,NA
11.62,"6781",32001,2016,1,NA,NA,NA,NA
10.45,"6782",32001,2016,1,NA,NA,NA,NA
6.19,"6783",32001,2016,1,NA,NA,NA,NA
18.44,"6784",32001,2016,1,NA,NA,NA,NA
8.22,"6785",32001,2016,1,NA,NA,NA,NA
5.67,"6787",32001,2016,1,NA,NA,NA,NA
7.78,"6789",32001,2016,1,NA,NA,NA,NA
19.99,"6790",32001,2016,1,NA,NA,NA,NA
8.97,"6792",32001,2016,1,NA,NA,NA,NA
5.1,"6793",32001,2016,1,NA,NA,NA,NA
14.76,"6800",32001,2016,1,NA,NA,NA,NA
9.15,"6806",32001,2016,1,NA,NA,NA,NA
23.04,"6807",32001,2016,1,NA,NA,NA,NA
61.75,"6808",32001,2016,1,NA,NA,NA,NA
40.93,"6809",32001,2016,1,NA,NA,NA,NA
31.07,"6810",32001,2016,1,NA,NA,NA,NA
NA,NA,32001,2016,1,NA,NA,NA,NA
NA,"Flche",32001,2016,1,NA,NA,NA,NA
NA,"1) Polygonflchen (exkl. Seen > 5 km2); administrative Gemeindegrenzen 1.1.2016, swissBOUNDARIES3D  swisstopo",32001,2016,1,NA,NA,NA,NA
NA,NA,32001,2016,1,NA,NA,NA,NA
NA,"Whleranteile ausgewhlter Parteien in % (Nationalratswahlen)",32001,2016,1,NA,NA,NA,NA
NA,"2) Schweiz und Kanton Basel-Stadt: FDP inkl. LP-BS",32001,2016,1,NA,NA,NA,NA
NA,"* keine Kandidatur im betreffenden Kanton oder Gemeinde ohne eigenes Wahlbro",32001,2016,1,NA,NA,NA,NA
NA,NA,32001,2016,1,NA,NA,NA,NA
NA,"3) Aufgrund von Gebietsnderungen im Kanton Tessin im Oktober 2020 knnen die Werte fr Verzasca (5399), Lavertezzo (5112) und Cugnaso-Gerra (5138) nicht genau aggregiert werden und sind nur approximativ.",32001,2016,1,NA,NA,NA,NA
NA,NA,32001,2016,1,NA,NA,NA,NA
NA,"Gemeindestand: 01.01.2021",32001,2016,1,NA,NA,NA,NA
NA,NA,32001,2016,1,NA,NA,NA,NA
NA,"Auskunft: Statistikauskunft, 058 463 60 11, info@bfs.admin.ch",32001,2016,1,NA,NA,NA,NA
NA,NA,32001,2016,1,NA,NA,NA,NA
NA,"Bundesamt fr Statistik",32001,2016,1,NA,NA,NA,NA
NA," BFS",32001,2016,1,NA,NA,NA,NA
